Symbol,Last,Volume,Beta,Corr SPY,Liquidity,IV Idx,IV Rank,IV %tile,Name,Earnings At,Sector
A,115.43,1.11M,1.71,0.95,★★☆☆,37.7%,28.3,90.3,Agilent Technologies Inc,May 27,Technology
AA,71.54,5.85M,1.87,0.68,★★☆☆,68.3%,51.1,87.5,Alcoa Corp,Apr 16 >,Basic Materials
AAL,10.84,53.1M,1.31,0.97,★★★★,67.3%,42.9,93.4,American Airlines Group Inc,Apr 23,Transportation
AAON,81.38,630K,1.43,0.76,★☆☆☆,65.7%,74.2,75.1,AAON Inc,Apr 29,Capital Goods
AAP,51.82,1.27M,1.55,-0.90,★★☆☆,58.7%,47.7,41.4,Advance Auto Parts Inc,May 28,Consumer Cyclical
AAPL,255.89,31.3M,1.11,0.27,★★★★,31.8%,24.9,68.0,Apple Inc,May 7,Technology
ABBV,208.79,5.15M,0.33,0.80,★★★☆,37.1%,49.1,98.1,AbbVie Inc,Apr 29 <,Healthcare
ABNB,124.92,3.10M,1.18,0.94,★★☆☆,45.0%,47.9,79.2,Airbnb Inc Ordinary Shares - Class A,May 7,Services
ABT,102.87,5.45M,0.82,-0.68,★★☆☆,32.8%,52.6,99.6,Abbott Laboratories,Apr 16 <,Healthcare
ACGL,96.75,1.41M,0.38,0.66,★★☆☆,27.1%,25.1,52.8,Arch Capital Group Ltd,Apr 28 >,Financial
ACHC,23.98,2.98M,0.77,0.62,★★★☆,69.5%,16.4,39.4,Acadia Healthcare Co Inc,May 11,Healthcare
ACI,17.46,5.92M,0.26,0.30,★★★☆,32.0%,63.7,42.1,Albertsons Companies Inc Class A,Apr 14 <,Services
ACM,84.71,1.41M,1.05,0.96,★★☆☆,45.1%,55.4,96.9,AECOM,May 4,Capital Goods
ACN,201.25,5.52M,1.06,0.94,★★☆☆,40.2%,50.6,66.5,Accenture PLC Class A,,Technology
ADBE,242.92,3.59M,1.39,0.71,★★★☆,40.8%,46.8,57.1,Adobe Inc,,Technology
ADC,76.59,895K,0.30,0.49,★★☆☆,22.5%,15.4,33.7,Agree Realty Corp,Apr 21 >,Services
ADI,318.39,2.39M,1.06,0.62,★★☆☆,41.1%,31.0,78.6,Analog Devices Inc,May 28,Technology
ADM,73.84,3.41M,0.67,-0.02,★★★☆,38.4%,43.1,89.4,Archer-Daniels-Midland Co,May 5,Consumer/Non-Cyclical
ADP,204.01,2.87M,0.85,0.91,★★☆☆,38.3%,66.0,99.4,Automatic Data Processing Inc,Apr 29,Technology
ADSK,238.05,1.99M,1.40,0.50,★★☆☆,42.6%,54.1,80.1,Autodesk Inc,May 28,Technology
ADT,6.62,9.72M,0.98,0.97,★★★☆,50.6%,87.1,22.3,ADT Inc,Apr 23,Services
AEE,111.68,1.03M,0.54,0.48,★★☆☆,24.1%,27.8,50.8,Ameren Corp,May 7,Utilities
AEP,132.68,2.00M,0.60,0.36,★★★☆,28.8%,43.2,98.7,American Electric Power Co Inc,May 5,Utilities
AES,14.31,7.48M,0.83,-0.64,★★★★,508.8%,-0.1,100.0,The AES Corp,May 7,Utilities
AFG,129.76,387K,0.67,0.84,★☆☆☆,27.9%,27.7,39.2,American Financial Group Inc,May 5,Financial
AFL,110.47,1.44M,0.43,0.67,★★☆☆,27.4%,43.8,90.2,Aflac Inc,Apr 29,Financial
AFRM,46.31,3.59M,3.45,0.17,★★★☆,71.4%,24.5,46.2,Affirm Holdings Inc Ordinary Shares - Class A,May 14,Financial
AGCO,114.57,815K,0.93,0.95,★☆☆☆,44.6%,30.0,86.0,AGCO Corp,May 7,Capital Goods
AGNC,10.15,12.5M,1.43,0.80,★★★★,37.0%,33.4,53.8,AGNC Investment Corp,Apr 20,Financial
AGO,81.09,248K,0.90,0.90,★★☆☆,38.3%,33.2,60.0,Assured Guaranty Ltd,May 14,Financial
AIG,75.43,2.29M,-0.31,0.51,★★☆☆,117.9%,16.4,100.0,American International Group Inc,May 7,Financial
AIZ,218.16,288K,0.56,0.89,★☆☆☆,30.1%,48.9,44.5,Assurant Inc,May 5,Financial
AJG,217.60,1.73M,0.65,0.95,★★☆☆,39.7%,66.7,90.5,Arthur J. Gallagher & Co,May 7,Financial
AKAM,118.01,4.12M,0.00,0.77,★★☆☆,47.2%,37.5,64.4,Akamai Technologies Inc,May 14,Technology
AL,64.95,3.99M,1.05,0.82,★★☆☆,121.1%,-0.1,65.5,Air Lease Corp Class A,May 4,Services
ALAB,117.20,4.50M,2.34,0.35,★★☆☆,84.6%,35.0,45.3,Astera Labs Inc,May 5,Technology
ALB,178.11,1.15M,1.50,0.86,★★☆☆,67.0%,31.4,70.6,Albemarle Corp,Apr 29,Basic Materials
ALGM,32.61,1.31M,1.93,-0.16,★★☆☆,68.7%,39.0,91.9,Allegro Microsystems Inc Ordinary Shares,May 14,Technology
ALGN,170.61,1.08M,2.57,0.80,★☆☆☆,63.3%,46.3,89.8,Align Technology Inc,Apr 29,Healthcare
ALK,37.33,4.08M,1.58,0.92,★★★☆,70.5%,56.9,97.8,Alaska Air Group Inc,Apr 20 >,Transportation
ALL,207.02,1.38M,0.21,0.27,★★☆☆,29.7%,28.4,84.9,Allstate Corp,Apr 29,Financial
ALLE,141.00,817K,1.03,0.90,★☆☆☆,33.7%,45.9,97.9,Allegion PLC,Apr 23,Services
ALLY,39.84,2.31M,1.45,0.96,★★★☆,47.8%,37.4,88.7,Ally Financial Inc,Apr 17 <,Financial
ALNY,318.85,872K,0.45,0.65,★★☆☆,47.8%,50.5,74.3,Alnylam Pharmaceuticals Inc,May 7,Healthcare
ALSN,117.09,355K,1.31,0.55,★☆☆☆,41.8%,40.3,75.4,Allison Transmission Holdings Inc,May 7,Consumer Cyclical
AM,22.74,1.53M,0.72,0.48,★★★☆,28.8%,18.6,50.2,Antero Midstream Corp,Apr 29,Energy
AMAT,348.47,4.27M,1.62,-0.77,★★☆☆,61.4%,64.0,93.0,Applied Materials Inc,May 21,Technology
AMCR,39.94,3.89M,0.71,0.80,★★☆☆,34.0%,23.7,29.8,Amcor PLC Ordinary Shares,Apr 29,Basic Materials
AMD,217.56,38.5M,2.01,-0.41,★★★★,58.4%,28.6,54.4,Advanced Micro Devices Inc,May 5,Technology
AME,218.33,776K,1.00,0.97,★★☆☆,32.8%,50.5,95.9,AMETEK Inc,May 7,Technology
AMG,265.38,394K,0.80,1.00,★☆☆☆,53.9%,86.5,89.8,Affiliated Managers Group Inc,May 14,Financial
AMGN,348.00,1.60M,0.47,0.60,★★☆☆,32.5%,36.8,85.5,Amgen Inc,May 7,Healthcare
AMH,29.09,2.95M,0.57,0.88,★★☆☆,185.2%,42.0,98.7,American Homes 4 Rent Class A,May 7,Services
AMKR,46.67,1.78M,1.88,0.07,★★☆☆,85.2%,83.9,95.1,Amkor Technology Inc,Apr 27,Technology
AMP,433.96,620K,1.24,0.89,★☆☆☆,38.3%,46.0,97.4,Ameriprise Financial Inc,Apr 23,Financial
AMT,173.74,4.24M,0.93,0.49,★★☆☆,33.4%,48.9,97.1,American Tower Corp,Apr 28 <,Services
AMTM,27.04,1.39M,1.38,0.96,★★★☆,54.7%,28.1,48.4,Amentum Holdings Inc,May 5,Technology
AMZN,209.77,31.5M,1.39,-0.36,★★★★,46.0%,46.4,91.2,Amazon.com Inc,May 7,Services
AN,197.68,312K,0.83,0.00,★☆☆☆,42.4%,39.9,95.3,AutoNation Inc,Apr 24,Services
ANET,126.70,5.13M,1.37,0.94,★★☆☆,56.6%,34.5,64.1,Arista Networks Inc,May 5,Technology
AON,323.15,1.12M,0.81,0.68,★★☆☆,34.8%,63.3,95.8,Aon PLC Class A,Apr 24,Financial
AOS,64.34,1.13M,0.87,0.98,★★★☆,33.5%,42.2,65.5,A.O. Smith Corp,Apr 30 <,Capital Goods
APA,42.03,9.9M,0.56,0.71,★★★☆,57.6%,47.9,80.0,APA Corp,May 6,Energy
APD,293.50,1.49M,0.74,0.93,★★☆☆,31.8%,27.4,71.8,Air Products and Chemicals Inc,May 7,Basic Materials
APG,42.04,2.98M,1.66,-0.65,★★☆☆,35.5%,45.7,52.9,APi Group Corp,May 7,Capital Goods
APH,128.01,5.59M,1.18,0.77,★★★☆,60.3%,75.1,98.4,Amphenol Corp Class A,Apr 29 <,Technology
APLS,40.41,10.3M,0.17,0.87,★★★☆,49.8%,-2.0,22.8,Apellis Pharmaceuticals Inc,May 6,Healthcare
APO,107.03,5.42M,1.52,0.77,★★☆☆,50.8%,45.5,90.2,Apollo Global Management Inc,May 6 <,Financial
APP,386.18,3.21M,2.86,0.96,★★☆☆,77.4%,34.2,56.1,AppLovin Corp Ordinary Shares - Class A,May 6,Technology
APPF,157.11,222K,1.07,0.89,★☆☆☆,58.8%,73.1,90.8,AppFolio Inc Class A,Apr 23,Technology
APTV,61.00,4.05M,1.19,0.66,★★☆☆,41.5%,31.2,61.4,Aptiv PLC,May 5 <,Consumer Cyclical
AR,40.44,6.50M,0.56,0.85,★★☆☆,51.0%,36.2,87.0,Antero Resources Corp,Apr 29,Energy
ARE,43.22,4.11M,1.49,0.94,★★★☆,53.2%,81.3,91.3,Alexandria Real Estate Equities Inc,Apr 27 >,Services
ARES,102.43,5.07M,1.17,0.89,★★☆☆,62.0%,60.7,91.9,Ares Management Corp Ordinary Shares - Class A,May 1 <,Financial
ARMK,42.54,2.62M,1.04,0.81,★★☆☆,35.1%,42.8,82.9,Aramark,May 5,Services
ARW,145.83,370K,1.02,0.86,★☆☆☆,38.0%,49.1,75.7,Arrow Electronics Inc,May 7,Technology
AS,33.41,2.81M,1.13,-0.32,★★★☆,55.6%,34.5,54.5,Amer Sports Inc,May 19,Services
ASH,54.39,412K,0.51,0.89,★★☆☆,49.8%,40.1,54.5,Ashland Inc,Apr 29,Basic Materials
ATI,146.36,2.21M,1.91,0.77,★★☆☆,60.8%,53.0,97.1,ATI Inc,Apr 30 <,Basic Materials
ATO,188.94,665K,0.70,0.54,★★☆☆,21.4%,28.1,67.6,Atmos Energy Corp,May 6,Utilities
ATR,126.07,297K,0.52,0.85,★☆☆☆,35.2%,59.8,91.4,AptarGroup Inc,Apr 30 >,Basic Materials
AVB,166.04,1.11M,0.75,0.69,★★☆☆,27.8%,36.7,94.4,AvalonBay Communities Inc,Apr 29,Financial
AVGO,314.56,14.0M,1.14,0.09,★★★☆,48.0%,23.0,34.9,Broadcom Inc,,Technology
AVT,61.87,612K,0.95,0.89,★★☆☆,38.2%,35.2,42.0,Avnet Inc,Apr 29,Technology
AVTR,7.89,5.10M,1.19,0.94,★★★★,65.1%,76.1,46.1,Avantor Inc,Apr 24,Healthcare
AVY,171.45,468K,1.03,0.97,★☆☆☆,35.4%,63.1,99.1,Avery Dennison Corp,Apr 28 <,Basic Materials
AWI,165.10,398K,1.52,0.97,★☆☆☆,37.3%,45.7,94.1,Armstrong World Industries Inc,May 5,Capital Goods
AWK,138.16,1.61M,0.77,0.75,★★☆☆,30.2%,41.1,97.4,American Water Works Co Inc,Apr 29,Utilities
AXON,412.63,1.07M,1.43,0.24,★★☆☆,57.3%,52.9,63.9,Axon Enterprise Inc,May 6,Capital Goods
AXP,300.14,2.11M,1.14,0.91,★★☆☆,41.8%,37.5,95.2,American Express Co,Apr 23 <,Financial
AXS,101.67,423K,0.63,0.86,★★☆☆,29.7%,24.7,41.9,Axis Capital Holdings Ltd,Apr 29,Financial
AXTA,26.80,2.71M,1.38,0.91,★★☆☆,59.1%,45.3,86.7,Axalta Coating Systems Ltd,May 6,Basic Materials
AYI,265.28,906K,1.38,0.74,★☆☆☆,35.1%,37.5,59.4,Acuity Inc,,Consumer Cyclical
AZO,"3,400.53",75.8K,0.41,0.08,★☆☆☆,34.8%,59.4,86.4,AutoZone Inc,May 26,Consumer Cyclical
AZTA,22.63,1.11M,1.53,0.52,★☆☆☆,58.7%,44.8,26.9,Azenta Inc,May 6,Healthcare
BA,208.30,6.70M,1.15,0.68,★★★☆,43.4%,30.6,91.0,Boeing Co,Apr 22,Capital Goods
BAC,49.36,27.6M,1.24,0.83,★★★★,36.9%,35.7,86.7,Bank of America Corp,Apr 15 <,Financial
BAH,83.17,1.56M,0.19,0.91,★★☆☆,46.4%,36.1,70.7,Booz Allen Hamilton Holding Corp Class A,May 22,Services
BALL,59.97,1.52M,1.16,0.53,★★☆☆,35.4%,37.1,81.5,Ball Corp,May 5,Basic Materials
BAX,16.69,6.51M,0.55,-0.15,★★★☆,48.9%,74.9,50.0,Baxter International Inc,May 7,Healthcare
BBWI,18.57,4.47M,1.49,0.75,★★★☆,61.3%,57.7,70.2,Bath & Body Works Inc,,Services
BBY,64.53,2.57M,1.44,0.49,★★☆☆,39.9%,21.8,40.2,Best Buy Co Inc,,Services
BC,73.31,488K,1.35,0.90,★★☆☆,48.7%,32.3,84.2,Brunswick Corp,Apr 23,Capital Goods
BDX,154.54,2.37M,0.32,0.39,★★☆☆,33.5%,49.5,82.6,Becton Dickinson & Co,May 7,Healthcare
BEN,23.41,3.19M,1.47,0.82,★★★☆,44.2%,31.4,56.4,Franklin Resources Inc,May 1,Financial
BEPC,41.32,958K,1.24,-0.77,★★☆☆,48.0%,56.6,82.0,Brookfield Renewable Corp Ordinary Shares - Class A (Exchangeable Sub Voting),May 1,Utilities
BF/A,27.07,118K,0.47,0.45,★★☆☆,293.3%,40.7,98.5,Brown-Forman Corp Class A,,
BF/B,26.75,2.64M,0.49,0.37,★★★☆,61.2%,52.4,92.1,Brown-Forman Corp Registered Shs -B- Non Vtg,,
BFAM,83.79,687K,1.21,0.66,★☆☆☆,49.9%,50.0,71.6,Bright Horizons Family Solutions Inc,May 4,Services
BG,129.43,1.27M,0.77,-0.01,★★☆☆,39.3%,37.8,89.1,Bunge Global SA,Apr 29 <,Consumer/Non-Cyclical
BHF,59.77,893K,0.87,0.76,★★☆☆,28.9%,45.6,9.2,Brighthouse Financial Inc Registered Shs When Issued,May 14,Financial
BIIB,177.37,1.34M,0.21,0.84,★★☆☆,36.7%,26.2,60.4,Biogen Inc,May 7,Healthcare
BILL,38.64,1.81M,1.33,0.85,★★☆☆,65.9%,23.9,63.4,BILL Holdings Inc Ordinary Shares,May 14,Technology
BIO,279.94,254K,1.22,0.90,★☆☆☆,52.6%,65.1,97.3,Bio-Rad Laboratories Inc Class A,May 7,Technology
BIRK,34.62,1.28M,1.09,0.99,★★☆☆,60.9%,69.4,93.9,Birkenstock Holding PLC,May 21,Consumer Cyclical
BJ,98.02,2.62M,0.33,0.70,★★☆☆,36.6%,38.6,51.6,BJ's Wholesale Club Holdings Inc,May 28,
BK,122.13,3.25M,1.07,0.76,★★☆☆,36.7%,48.4,90.3,Bank of New York Mellon Corp,Apr 16 <,Financial
BKNG,"4,192.92",234K,1.18,0.74,★☆☆☆,48.5%,72.4,98.6,Booking Holdings Inc,Apr 28 >,Services
BKR,60.38,7.01M,0.89,0.61,★★★☆,46.7%,46.7,97.9,Baker Hughes Co Class A,Apr 23 >,Energy
BLD,356.72,332K,1.74,0.93,★☆☆☆,50.4%,45.3,95.0,TopBuild Corp,May 5,Capital Goods
BLDR,79.09,2.39M,1.62,0.88,★★★☆,65.2%,59.3,98.7,Builders FirstSource Inc,May 7,Basic Materials
BLK,966.56,569K,1.49,0.88,★☆☆☆,40.1%,54.8,98.3,BlackRock Inc,Apr 14 <,Financial
BMRN,55.51,2.32M,0.21,0.70,★★★☆,43.4%,51.4,66.0,BioMarin Pharmaceutical Inc,May 7,Healthcare
BMY,59.60,14.8M,0.32,0.95,★★★☆,33.8%,29.5,65.2,Bristol-Myers Squibb Co,Apr 30 <,Healthcare
BOKF,128.48,246K,1.13,0.83,★☆☆☆,30.9%,31.0,35.9,BOK Financial Corp,Apr 20,Financial
BPOP,136.81,349K,1.16,0.90,★☆☆☆,38.5%,37.6,53.3,Popular Inc,Apr 23 <,Financial
BR,160.86,1.93M,0.98,0.80,★☆☆☆,39.2%,81.1,97.9,Broadridge Financial Solutions Inc,May 7,Technology
BRBR,16.64,3.38M,0.48,0.57,★★★☆,83.3%,83.1,85.9,BellRing Brands Inc Class A,May 4,Healthcare
BRK/A,"716,066.33",128,0.00,0.00,☆☆☆☆,--%,--,--,Berkshire Hathaway Inc Class A,May 1,
BRKR,36.77,1.46M,1.60,0.77,★★☆☆,72.1%,86.1,92.9,Bruker Corp,May 6,Technology
BRO,65.95,2.47M,0.80,0.15,★★☆☆,36.7%,73.7,67.6,Brown & Brown Inc,Apr 27,Financial
BROS,50.33,2.40M,2.38,-0.25,★★☆☆,63.7%,29.7,65.1,Dutch Bros Inc Class A,May 6,Services
BRX,28.89,2.77M,0.74,0.91,★★☆☆,119.0%,20.6,63.0,Brixmor Property Group Inc,Apr 27,Services
BSX,62.81,13.9M,0.72,0.83,★★★☆,42.2%,58.1,96.0,Boston Scientific Corp,Apr 22,Healthcare
BSY,34.61,2.42M,0.94,-0.75,★★★☆,45.8%,61.7,60.0,Bentley Systems Inc Ordinary Shares - Class B,May 7 <,Basic Materials
BURL,328.86,634K,2.60,0.91,★★☆☆,42.9%,38.9,58.5,Burlington Stores Inc,,Services
BWA,52.82,1.53M,1.06,0.93,★★★☆,48.2%,55.0,98.7,BorgWarner Inc,May 6,Consumer Cyclical
BWXT,215.13,680K,1.34,0.95,★★☆☆,57.7%,75.1,90.9,BWX Technologies Inc,May 4,Capital Goods
BX,113.07,7.76M,1.76,0.92,★★☆☆,52.3%,52.1,95.7,Blackstone Inc,Apr 16,Financial
BXP,51.81,2.00M,1.06,0.15,★★☆☆,45.4%,57.8,96.5,BXP Inc,May 5,Services
BYD,83.73,604K,1.24,0.97,★★☆☆,38.4%,44.6,96.4,Boyd Gaming Corp,Apr 23,Services
C,115.21,9.8M,1.09,-0.11,★★★★,43.1%,40.0,92.6,Citigroup Inc,Apr 14 <,Financial
CACC,416.29,155K,1.33,0.92,★☆☆☆,49.8%,73.8,69.1,Credit Acceptance Corp,Apr 29,Financial
CACI,576.26,145K,0.57,0.77,★☆☆☆,42.6%,45.4,93.6,CACI International Inc lass A,Apr 22,Technology
CAG,15.70,17.0M,-0.06,0.51,★★★☆,36.6%,63.9,87.1,Conagra Brands Inc,,Consumer/Non-Cyclical
CAH,214.07,1.50M,0.63,-0.43,★★☆☆,43.0%,59.2,99.7,Cardinal Health Inc,Apr 30 <,Healthcare
CAR,190.40,1.85M,1.96,0.79,★☆☆☆,99.2%,87.0,100.0,Avis Budget Group Inc,May 6,Services
CARR,55.74,5.65M,1.30,0.95,★★★☆,47.9%,67.0,96.3,Carrier Global Corp Ordinary Shares,May 7,Capital Goods
CART,38.77,3.26M,0.22,-0.35,★★☆☆,48.3%,64.8,60.7,Maplebear Inc,May 7,Services
CASY,744.02,368K,0.65,0.60,★☆☆☆,27.8%,17.7,30.8,Casey's General Stores Inc,,Services
CAT,717.52,1.77M,1.50,0.75,★★☆☆,47.6%,62.2,97.2,Caterpillar Inc,Apr 29,Capital Goods
CAVA,79.63,2.81M,1.93,-0.10,★★☆☆,60.5%,33.7,54.4,Cava Group Inc,May 21,Services
CB,328.43,982K,0.49,0.49,★★☆☆,24.2%,29.8,90.4,Chubb Ltd,Apr 21 >,
CBOE,289.97,739K,0.08,0.70,★★☆☆,28.7%,32.4,88.0,Cboe Global Markets Inc,May 1,Financial
CBRE,136.60,1.63M,1.35,0.74,★★☆☆,43.6%,46.9,94.9,CBRE Group Inc lass A,Apr 23,Services
CBSH,49.89,864K,0.59,0.82,★☆☆☆,115.4%,33.9,65.0,Commerce Bancshares Inc,Apr 15,Financial
CC,21.56,2.50M,1.51,0.97,★★★☆,80.0%,45.9,48.1,The Chemours Co,May 5,Basic Materials
CCI,84.78,6.08M,0.95,0.65,★★☆☆,37.3%,47.0,99.9,Crown Castle Inc,Apr 29,Services
CCK,102.78,962K,0.76,0.72,★★☆☆,37.2%,43.9,93.2,Crown Holdings Inc,Apr 27,Basic Materials
CCL,25.66,27.0M,2.49,0.92,★★★★,58.6%,45.3,89.2,Carnival Corp,,Transportation
CDNS,278.72,1.51M,1.01,0.43,★★☆☆,53.2%,59.6,97.0,Cadence Design Systems Inc,Apr 27,Technology
CDW,122.06,935K,0.91,0.89,★★☆☆,52.8%,71.8,97.9,CDW Corp,May 6,Technology
CE,64.08,3.04M,0.91,0.87,★★★☆,70.1%,39.8,52.6,Celanese Corp lass A,May 4,Basic Materials
CEG,272.82,3.26M,1.04,-0.05,★★☆☆,51.6%,22.4,49.4,Constellation Energy Corp,May 5,Utilities
CELH,34.08,5.19M,0.54,-0.37,★★★☆,64.6%,54.5,67.0,Celsius Holdings Inc,May 5,Consumer/Non-Cyclical
CERT,5.39,6.25M,1.67,0.89,★★☆☆,457.6%,56.2,42.8,Certara Inc Ordinary Shares,May 4,Technology
CF,129.93,4.83M,0.56,-0.25,★★☆☆,58.9%,82.8,99.6,CF Industries Holdings Inc,May 6 >,Basic Materials
CFG,60.99,3.76M,1.04,0.96,★★★☆,38.9%,32.9,89.1,Citizens Financial Group Inc,Apr 16 <,Financial
CFR,138.53,453K,0.60,0.93,★☆☆☆,31.8%,22.9,67.2,Cullen/Frost Bankers Inc,May 7,Financial
CG,46.55,4.00M,2.05,0.97,★★★☆,56.3%,37.0,94.7,The Carlyle Group Inc,May 8,
CGNX,49.17,1.10M,1.48,0.85,★★★☆,62.9%,60.5,83.6,Cognex Corp,Apr 29,Technology
CHD,92.85,1.57M,0.47,0.94,★★☆☆,30.2%,47.8,62.8,Church & Dwight Co Inc,May 1 <,Consumer/Non-Cyclical
CHDN,89.04,559K,0.68,0.91,★★☆☆,43.2%,47.9,70.4,Churchill Downs Inc,Apr 22,Services
CHE,380.61,211K,0.48,0.82,★☆☆☆,39.4%,74.2,87.2,Chemed Corp,Apr 23 >,Healthcare
CHH,103.97,351K,0.77,0.37,★☆☆☆,35.9%,75.3,32.0,Choice Hotels International Inc,May 14,Financial
CHRD,142.03,806K,0.37,0.70,★★☆☆,49.8%,40.5,99.0,Chord Energy Corp Ordinary Shares - New,May 5,Energy
CHRW,167.80,1.01M,0.93,0.85,★★☆☆,46.4%,64.9,93.4,C.H. Robinson Worldwide Inc,Apr 29,Transportation
CHTR,219.70,1.47M,0.46,0.80,★★☆☆,64.2%,76.4,90.4,Charter Communications Inc lass A,Apr 24,Services
CI,270.11,905K,0.25,-0.37,★★☆☆,41.1%,81.2,98.0,The Cigna Group,Apr 30 <,Healthcare
CIEN,447.81,3.62M,1.05,0.07,★★☆☆,88.7%,76.0,85.2,Ciena Corp,,Technology
CINF,158.42,543K,0.63,0.75,★★☆☆,29.3%,23.1,91.1,Cincinnati Financial Corp,Apr 27,Financial
CL,85.10,5.59M,0.27,0.21,★★☆☆,31.1%,51.7,99.1,Colgate-Palmolive Co,Apr 24,Consumer/Non-Cyclical
CLF,8.40,15.9M,1.96,0.88,★★★★,81.2%,36.5,77.8,Cleveland-Cliffs Inc,May 6,Basic Materials
CLH,296.95,495K,0.94,0.86,★★☆☆,37.6%,47.9,93.1,Clean Harbors Inc,Apr 29,Transportation
CLVT,2.54,9.19M,1.39,0.94,★★☆☆,"1,200.0%",13.6,100.0,Clarivate PLC Ordinary Shares,May 5,Technology
CLX,101.15,2.69M,0.63,0.95,★★★☆,37.5%,59.9,95.3,Clorox Co,May 4,Consumer/Non-Cyclical
CMCSA,27.93,25.1M,0.36,0.80,★★★☆,45.7%,57.3,98.3,Comcast Corp lass A,Apr 23,Services
CME,305.09,1.74M,0.28,0.67,★★☆☆,25.4%,34.9,68.0,CME Group Inc lass A,Apr 22,Financial
CMG,33.16,12.6M,0.99,0.39,★★★★,53.7%,72.3,95.0,Chipotle Mexican Grill Inc,Apr 29 >,Services
CMI,550.01,598K,1.12,0.47,★★☆☆,41.3%,51.9,97.7,Cummins Inc,May 4,Capital Goods
CMS,78.56,2.19M,0.45,0.14,★★☆☆,23.8%,26.7,30.6,CMS Energy Corp,Apr 23,Utilities
CNA,46.28,309K,0.36,0.86,★★☆☆,97.5%,16.0,37.0,CNA Financial Corp,May 4,Financial
CNC,35.10,4.83M,0.56,-0.03,★★★☆,55.4%,87.3,66.3,Centene Corp,Apr 28 <,Healthcare
CNM,50.96,2.26M,1.17,0.96,★★☆☆,44.5%,49.3,76.7,Core & Main Inc lass A,,Capital Goods
CNP,43.69,3.06M,0.54,0.34,★★★☆,25.0%,24.5,66.9,CenterPoint Energy Inc,Apr 23,Utilities
CNXC,27.27,1.03M,0.60,0.88,★★★☆,82.1%,62.9,87.9,Concentrix Corp Ordinary Shares,,Technology
COF,181.89,3.76M,1.13,0.84,★★☆☆,48.7%,36.9,95.7,Capital One Financial Corp,Apr 21 >,Financial
COHR,258.01,5.20M,1.88,0.48,★★☆☆,94.1%,57.0,93.0,Coherent Corp,May 6,Technology
COIN,171.48,8.89M,5.42,0.86,★★★☆,80.2%,44.6,89.2,Coinbase Global Inc Ordinary Shares - Class A,May 14,Financial
COKE,194.86,623K,0.60,0.99,★★☆☆,44.3%,79.4,98.2,Coca-Cola Consolidated Inc,Apr 29,Consumer/Non-Cyclical
COLB,27.74,2.33M,1.14,0.89,★★★☆,76.8%,34.0,52.2,Columbia Banking System Inc,Apr 23 >,Financial
COLD,11.48,3.86M,0.76,0.86,★★★★,63.5%,88.4,29.3,Americold Realty Trust Inc,May 14,Transportation
COLM,54.49,633K,0.85,0.92,★★☆☆,51.8%,46.1,77.0,Columbia Sportswear Co,May 7,Consumer Cyclical
COO,70.18,2.05M,1.11,0.94,★★☆☆,35.4%,40.0,33.2,The Cooper Companies Inc,,Healthcare
COP,130.49,7.39M,0.25,0.78,★★☆☆,39.5%,30.1,87.4,ConocoPhillips,Apr 30 <,Energy
COR,324.84,1.27M,0.69,0.12,★★☆☆,31.6%,57.1,88.3,Cencora Inc,May 6,Healthcare
COST,"1,014.80",1.83M,0.99,0.35,★★☆☆,24.1%,23.0,45.7,Costco Wholesale Corp,,Services
COTY,2.05,7.48M,1.57,0.68,★★★☆,149.3%,52.6,36.5,Coty Inc lass A,May 5,Consumer/Non-Cyclical
CPAY,293.36,565K,0.83,0.97,★☆☆☆,49.8%,67.3,98.2,Corpay Inc,May 5,Financial
CPB,22.02,7.21M,-0.07,0.84,★★★☆,37.0%,80.4,71.3,The Campbell's Co,,Consumer/Non-Cyclical
CPNG,18.96,13.9M,1.17,-0.86,★★★☆,50.2%,68.9,79.9,Coupang Inc Ordinary Shares - Class A,May 5,Services
CPRI,17.96,2.57M,1.50,0.84,★★★★,62.6%,36.6,56.2,Capri Holdings Ltd,May 27,Services
CPRT,33.38,6.53M,1.12,0.66,★★★☆,35.2%,41.0,50.0,Copart Inc,May 28,Services
CPT,100.79,1.41M,0.85,0.70,★★☆☆,59.3%,26.8,99.4,Camden Property Trust,May 7,Capital Goods
CR,168.01,696K,1.21,0.97,★★☆☆,44.8%,48.8,97.8,Crane Co,Apr 27,Basic Materials
CRBG,24.03,4.49M,1.22,0.98,★★★☆,50.6%,53.0,95.6,Corebridge Financial Inc,May 4,Financial
CRH,104.65,4.78M,1.45,-0.10,★★☆☆,41.1%,43.5,94.5,CRH PLC,May 4,
CRI,35.90,783K,1.03,0.63,★★☆☆,57.2%,33.0,35.5,Carter's Inc,Apr 24,Services
CRL,173.69,839K,1.63,0.95,★☆☆☆,49.4%,51.7,63.8,Charles River Laboratories International Inc,May 6,Healthcare
CRM,187.15,11.6M,1.23,0.62,★★★☆,42.3%,46.2,59.7,Salesforce Inc,May 27,Technology
CROX,83.66,970K,1.47,0.94,★★☆☆,59.5%,39.2,81.0,Crocs Inc,May 14,Consumer Cyclical
CRUS,147.12,491K,1.09,0.91,★★☆☆,52.5%,46.4,93.1,Cirrus Logic Inc,May 5,Technology
CRWD,399.04,1.99M,0.99,-0.09,★★☆☆,47.2%,31.7,54.4,CrowdStrike Holdings Inc lass A,,Technology
CSCO,79.02,12.6M,0.83,0.97,★★★☆,31.0%,53.8,76.3,Cisco Systems Inc,May 13,Technology
CSGP,39.94,5.80M,0.86,0.68,★★★☆,64.8%,85.3,96.2,CoStar Group Inc,Apr 28 >,Services
CSL,331.42,259K,0.92,0.80,★☆☆☆,41.7%,52.2,85.7,Carlisle Companies Inc,Apr 22,Basic Materials
CSX,41.24,13.6M,1.28,0.81,★★★☆,32.9%,46.5,77.8,CSX Corp,Apr 22 >,Transportation
CTAS,174.31,2.39M,0.97,0.92,★★☆☆,28.6%,39.7,65.1,Cintas Corp,,Services
CTRA,34.57,6.59M,0.34,0.67,★★☆☆,43.6%,71.9,64.6,Coterra Energy Inc Ordinary Shares,May 4,Energy
CTSH,62.53,3.30M,0.97,0.94,★★★☆,43.0%,55.7,87.1,Cognizant Technology Solutions Corp lass A,Apr 29,Technology
CTVA,85.49,3.67M,0.71,0.79,★★☆☆,35.0%,39.8,75.3,Corteva Inc,May 5 >,Consumer/Non-Cyclical
CUBE,37.18,3.16M,1.11,0.29,★★☆☆,35.7%,36.1,55.1,CubeSmart,Apr 30 >,Transportation
CUZ,22.46,1.39M,1.21,-0.22,★☆☆☆,65.8%,51.7,10.3,Cousins Properties Inc,Apr 29 >,Services
CVNA,313.52,2.00M,3.49,-0.52,★★☆☆,93.7%,54.3,89.5,Carvana Co lass A,Apr 29 >,Services
CVS,73.49,6.03M,0.52,0.17,★★★☆,39.8%,42.0,87.8,CVS Health Corp,May 7,Services
CVX,198.91,11.5M,0.66,0.73,★★★☆,33.9%,36.0,94.7,Chevron Corp,May 1,Energy
CW,693.66,225K,0.88,0.66,★☆☆☆,50.3%,80.4,99.8,Curtiss-Wright Corp,May 6,Capital Goods
CWEN,40.35,832K,0.94,-0.05,★★☆☆,39.6%,55.9,34.4,Clearway Energy Inc ass C,Apr 29,Utilities
CWEN/A,40.21,171K,0.00,0.00,★★☆☆,98.8%,35.2,21.6,Clearway Energy Inc ass A,,
CXT,40.20,991K,1.37,0.95,★☆☆☆,71.6%,51.5,45.1,Crane NXT Co,May 6,Technology
CZR,26.55,2.37M,1.91,0.94,★★☆☆,53.2%,27.2,45.3,Caesars Entertainment Inc,Apr 28 >,Services
D,62.76,3.45M,0.68,0.78,★★★★,25.1%,24.0,80.1,Dominion Energy Inc,May 7,Utilities
DAL,66.76,11.2M,1.35,0.85,★★★☆,53.4%,32.9,78.1,Delta Air Lines Inc,Apr 8,Transportation
DAR,64.68,3.59M,1.26,0.42,★★★☆,50.9%,20.7,56.2,Darling Ingredients Inc,Apr 23,Consumer/Non-Cyclical
DASH,156.45,5.05M,1.94,0.35,★★☆☆,57.0%,47.2,76.0,DoorDash Inc Ordinary Shares - Class A,May 5,Services
DBX,23.41,2.84M,0.33,0.80,★★☆☆,75.0%,17.7,99.9,Dropbox Inc Class A,May 14,Technology
DCI,85.28,341K,1.06,0.92,★★☆☆,51.4%,29.9,50.5,Donaldson Co Inc,,Capital Goods
DD,45.47,2.67M,1.13,0.40,★★★☆,44.9%,37.2,88.4,DuPont de Nemours Inc,May 1,
DDOG,120.29,3.32M,2.34,0.16,★★☆☆,62.1%,53.7,80.9,Datadog Inc Class A,May 5,Technology
DDS,572.81,101K,1.00,0.49,★☆☆☆,52.4%,--,10.1,Dillard's Inc Class A,May 21,Services
DE,575.83,1.25M,0.95,-0.18,★☆☆☆,33.7%,33.5,72.0,Deere & Co,May 21 <,Capital Goods
DECK,98.34,1.65M,1.12,0.96,★★☆☆,47.2%,20.2,45.3,Deckers Outdoor Corp,May 28,Consumer Cyclical
DELL,174.34,5.22M,0.94,-0.27,★★★☆,55.2%,36.0,67.5,Dell Technologies Inc Ordinary Shares - Class C,,
DG,119.75,2.57M,0.35,-0.58,★★☆☆,35.2%,39.5,34.7,Dollar General Corp,,Services
DGX,198.03,520K,0.65,0.95,★★☆☆,33.0%,53.5,97.4,Quest Diagnostics Inc,Apr 21 <,Healthcare
DHI,139.69,1.97M,1.38,0.75,★★☆☆,45.4%,45.8,95.3,D.R. Horton Inc,Apr 21 <,Capital Goods
DHR,191.04,2.74M,0.96,0.86,★★☆☆,37.7%,37.4,90.3,Danaher Corp,Apr 21 <,Technology
DINO,60.71,2.06M,0.70,0.05,★★★☆,51.9%,37.9,98.2,HF Sinclair Corp,May 1 <,Energy
DIS,96.64,6.38M,1.42,0.96,★★★☆,28.7%,19.7,41.9,The Walt Disney Co,May 6,Services
DJT,9.17,2.97M,1.50,0.66,★★★☆,69.0%,43.3,47.8,Trump Media & Technology Group Corp,,Services
DKNG,23.15,10.2M,1.64,0.38,★★★★,60.2%,39.2,64.1,DraftKings Inc Ordinary Shares - Class A,May 14,Services
DKS,191.64,905K,1.20,0.58,★★☆☆,43.8%,23.3,47.2,Dick's Sporting Goods Inc,May 27,Services
DLB,61.79,532K,0.86,0.95,★★☆☆,40.6%,66.0,75.5,Dolby Laboratories Inc Class A,May 7,Services
DLR,181.69,1.69M,1.13,0.88,★★☆☆,39.9%,40.9,91.3,Digital Realty Trust Inc,Apr 23,Services
DLTR,108.47,2.53M,0.75,0.62,★★☆☆,39.8%,31.6,41.3,Dollar Tree Inc,,Services
DOCS,22.77,2.40M,2.48,-0.26,★★★☆,77.8%,63.1,84.8,Doximity Inc Class A,May 21,Technology
DOCU,48.36,3.27M,0.91,0.37,★★☆☆,50.5%,39.0,56.3,Docusign Inc,,Technology
DOV,205.41,918K,1.25,0.90,★★☆☆,37.3%,33.8,98.3,Dover Corp,Apr 23,Capital Goods
DOW,41.40,13.4M,0.67,0.99,★★★☆,53.4%,39.0,69.9,Dow Inc,Apr 23,
DOX,66.43,669K,0.45,0.66,★★☆☆,39.6%,86.6,61.4,Amdocs Ltd,May 6,Technology
DPZ,370.81,996K,1.19,0.94,★★☆☆,38.4%,40.3,89.2,Domino's Pizza Inc,Apr 27,Services
DRI,196.33,1.26M,0.59,0.25,★★☆☆,33.5%,47.8,72.7,Darden Restaurants Inc,,Services
DT,37.70,4.29M,0.79,0.65,★★★☆,57.8%,76.5,94.3,Dynatrace Inc Ordinary Shares,May 13,
DTE,148.03,879K,0.46,0.25,★★☆☆,26.4%,46.5,88.5,DTE Energy Co,May 7,Utilities
DTM,134.12,426K,0.67,0.11,★☆☆☆,22.5%,19.4,30.5,DT Midstream Inc Ordinary Shares,Apr 29,Utilities
DUK,132.22,3.72M,0.48,0.23,★★★☆,21.8%,23.9,78.9,Duke Energy Corp,May 5,Utilities
DUOL,96.59,1.16M,2.11,-0.41,★★☆☆,76.2%,46.1,53.6,Duolingo Inc,May 7,Services
DV,9.93,4.51M,0.91,0.29,★★★☆,357.8%,50.6,91.5,DoubleVerify Holdings Inc,May 14,
DVA,145.60,1.14M,0.91,0.91,★★☆☆,42.8%,52.2,74.0,DaVita Inc,May 11,Healthcare
DVN,49.48,13.9M,0.59,0.79,★★★☆,41.4%,29.4,65.2,Devon Energy Corp,May 5,Energy
DXC,12.66,2.30M,1.04,0.97,★★☆☆,50.4%,27.2,44.7,DXC Technology Co Registered Shs When Issued,May 13,Technology
DXCM,62.21,2.41M,1.44,0.30,★★☆☆,48.9%,41.3,57.5,DexCom Inc,Apr 30 >,Healthcare
EA,203.60,873K,0.74,0.84,★★★☆,94.4%,1.8,98.8,Electronic Arts Inc,May 6 >,Technology
EBAY,94.14,3.53M,1.37,-0.13,★★☆☆,33.8%,43.6,50.9,eBay Inc,Apr 29,Services
ECG,123.94,330K,1.80,0.49,★★☆☆,71.6%,73.8,88.8,Everus Construction Group Inc,May 12,Capital Goods
ECL,264.34,1.00M,1.05,0.86,★★☆☆,30.4%,41.0,94.1,Ecolab Inc,Apr 28 <,Capital Goods
ED,115.47,1.61M,0.36,0.66,★★★☆,23.9%,33.9,76.0,Consolidated Edison Inc,May 7,Utilities
EEFT,64.05,867K,0.79,0.94,★★☆☆,51.4%,67.8,93.4,Euronet Worldwide Inc,Apr 22,Financial
EFX,182.39,1.16M,1.54,0.83,★★☆☆,46.8%,61.7,95.9,Equifax Inc,Apr 28,Services
EG,327.08,301K,0.35,0.86,★★☆☆,30.6%,41.3,87.3,Everest Group Ltd,Apr 29,Financial
EGP,188.40,216K,1.11,0.05,★☆☆☆,22.8%,35.7,44.8,EastGroup Properties Inc,Apr 22,Services
EHC,97.41,804K,0.76,0.77,★★☆☆,45.2%,68.7,97.6,Encompass Health Corp,Apr 23,Healthcare
EIX,73.47,2.53M,0.80,0.93,★★★☆,32.3%,30.9,42.2,Edison International,Apr 28 >,Utilities
EL,69.09,8.33M,1.20,0.68,★★☆☆,69.0%,53.1,98.2,The Estee Lauder Companies Inc Class A,May 1 <,Consumer/Non-Cyclical
ELAN,23.08,4.25M,3.18,0.85,★★★☆,54.6%,47.5,59.1,Elanco Animal Health Inc,May 6,Healthcare
ELF,61.15,3.09M,1.62,0.04,★★☆☆,66.8%,31.9,46.1,e.l.f. Beauty Inc,May 27,Consumer/Non-Cyclical
ELS,64.01,834K,2.38,0.63,★★☆☆,68.4%,26.5,43.1,Equity Lifestyle Properties Inc,Apr 20,Services
ELV,300.86,1.19M,0.48,-0.39,★★☆☆,47.5%,79.9,89.1,Elevance Health Inc,Apr 22 <,Financial
EME,756.64,242K,1.08,0.75,★☆☆☆,47.6%,54.5,90.4,EMCOR Group Inc,Apr 29,Capital Goods
EMN,75.06,1.09M,1.29,0.94,★★☆☆,52.5%,61.6,96.3,Eastman Chemical Co,Apr 23,Basic Materials
EMR,131.72,2.56M,1.27,0.83,★★☆☆,32.5%,35.4,73.2,Emerson Electric Co,May 6,Technology
ENOV,22.66,609K,1.37,0.43,★★☆☆,69.3%,64.2,37.6,Enovis Corp,May 14,Capital Goods
ENPH,34.93,6.44M,1.40,0.16,★★★☆,90.3%,62.0,95.3,Enphase Energy Inc,Apr 28,Technology
ENTG,116.37,1.55M,1.35,0.39,★★☆☆,72.7%,51.0,98.6,Entegris Inc,May 6,Capital Goods
EOG,142.62,2.88M,0.46,0.67,★★☆☆,37.1%,37.8,88.2,EOG Resources Inc,May 5 >,Energy
EPAM,138.05,846K,1.64,0.43,★★☆☆,58.6%,73.5,71.8,EPAM Systems Inc,May 14,Technology
EPR,51.17,813K,1.03,0.48,★★☆☆,41.2%,45.8,95.9,EPR Properties,May 6,Capital Goods
EQH,37.80,4.66M,1.17,0.82,★★☆☆,47.8%,39.1,59.3,Equitable Holdings Inc,May 5,Financial
EQIX,"1,000.52",464K,1.01,0.93,★☆☆☆,32.9%,38.5,86.9,Equinix Inc,Apr 29,Technology
EQR,60.28,1.75M,0.76,0.85,★★☆☆,25.9%,25.5,62.0,Equity Residential,May 5,Services
EQT,59.70,8.81M,0.70,-0.05,★★★☆,43.7%,34.3,85.9,EQT Corp,Apr 28,Energy
ES,69.46,2.52M,0.81,0.42,★★★☆,30.8%,49.4,77.6,Eversource Energy,May 7,Utilities
ESAB,98.31,1.15M,1.12,0.98,★★☆☆,40.8%,65.2,75.8,ESAB Corp,May 7,Capital Goods
ESI,34.08,1.55M,1.46,0.92,★★★☆,42.2%,37.4,33.4,Element Solutions Inc,Apr 22,
ESS,247.38,483K,0.73,0.71,★☆☆☆,27.0%,24.9,82.4,Essex Property Trust Inc,May 5,Financial
ESTC,50.64,910K,1.04,0.93,★★☆☆,66.5%,46.1,67.3,Elastic NV,,Technology
ETN,361.26,1.42M,1.13,0.70,★★☆☆,42.6%,40.0,91.7,Eaton Corp PLC,May 1,Technology
ETR,114.89,2.37M,0.65,0.29,★★☆☆,29.7%,42.1,84.2,Entergy Corp,May 5,Utilities
ETSY,51.67,2.60M,1.87,0.75,★★★☆,72.0%,82.4,94.7,Etsy Inc,Apr 29,Services
EVR,304.90,512K,1.95,0.93,★★☆☆,45.4%,29.1,86.4,Evercore Inc Class A,Apr 29,Financial
EVRG,82.84,930K,0.63,0.17,★★☆☆,20.3%,25.1,41.2,Evergy Inc,May 14,Utilities
EW,81.01,3.30M,0.93,0.49,★★★☆,36.0%,49.7,75.9,Edwards Lifesciences Corp,Apr 22,Healthcare
EWBC,109.03,900K,0.88,0.92,★★☆☆,42.6%,34.4,87.1,East West Bancorp Inc,Apr 21 >,Financial
EXAS,104.93,0,1.45,0.22,★☆☆☆,94.1%,0.0,71.5,Exact Sciences Corp,May 7,Healthcare
EXC,49.32,5.84M,0.44,0.38,★★★☆,26.6%,60.3,97.0,Exelon Corp,May 6 <,Utilities
EXE,103.88,3.16M,0.21,0.62,★★★★,40.1%,40.7,87.5,Expand Energy Corp Ordinary Shares - New,May 5,Energy
EXEL,43.88,1.66M,0.46,0.80,★★☆☆,40.8%,26.4,53.1,Exelixis Inc,May 12,Healthcare
EXP,187.96,474K,1.34,0.86,★☆☆☆,41.3%,50.9,96.8,Eagle Materials Inc,May 19,Capital Goods
EXPD,145.83,789K,1.07,0.79,★★☆☆,33.2%,41.4,73.8,Expeditors International of Washington Inc,May 5,Transportation
EXPE,225.26,1.64M,1.29,0.71,★★☆☆,56.5%,53.4,83.2,Expedia Group Inc,May 14,Services
EXR,133.86,858K,1.25,0.21,★★☆☆,32.5%,40.7,90.3,Extra Space Storage Inc,Apr 28 >,Transportation
F,11.59,31.1M,1.73,0.10,★★★★,43.5%,40.8,87.1,Ford Motor Co,Apr 29 >,Consumer Cyclical
FAF,58.18,1.44M,1.33,0.90,★☆☆☆,42.0%,53.6,30.6,First American Financial Corp,Apr 22,Financial
FANG,193.88,2.91M,0.51,0.81,★★☆☆,43.7%,36.9,86.7,Diamondback Energy Inc,May 4,Energy
FAST,46.30,7.13M,0.88,0.67,★★★☆,35.7%,39.4,90.9,Fastenal Co,Apr 13 <,Basic Materials
FBIN,37.23,8.52M,1.54,0.96,★★☆☆,62.8%,73.5,65.5,Fortune Brands Innovations Inc,May 5,Capital Goods
FCN,183.38,403K,0.03,0.94,★☆☆☆,32.2%,40.6,77.9,FTI Consulting Inc,Apr 23,Services
FCNCA,"1,907.03",60.6K,0.64,0.84,★☆☆☆,38.4%,49.0,92.6,First Citizens BancShares Inc Class A,Apr 23,Financial
FCX,61.34,16.9M,1.56,0.75,★★★☆,56.5%,50.1,92.1,Freeport-McMoRan Inc,Apr 23,Basic Materials
FDS,227.57,1.01M,0.74,0.81,★★☆☆,51.9%,65.3,75.1,FactSet Research Systems Inc,,Technology
FDX,361.82,1.42M,1.34,0.63,★★☆☆,35.0%,35.9,50.6,FedEx Corp,,Transportation
FE,51.31,2.98M,0.62,0.29,★★☆☆,24.7%,44.3,78.4,FirstEnergy Corp,Apr 28 >,Utilities
FERG,235.20,1.51M,1.20,0.40,★★☆☆,43.2%,66.0,94.8,Ferguson Enterprises Inc,May 5 <,Capital Goods
FFIV,303.40,553K,1.02,0.95,★★☆☆,47.9%,50.8,95.0,F5 Inc,Apr 27,Technology
FHB,25.05,1.32M,0.71,0.87,★☆☆☆,162.8%,35.5,98.8,First Hawaiian Inc,Apr 22,Financial
FHN,23.18,4.24M,0.63,0.93,★★★☆,50.4%,24.2,99.9,First Horizon Corp,Apr 15,Financial
FICO,"1,089.93",167K,1.30,0.45,★☆☆☆,70.5%,90.5,99.3,Fair Isaac Corp,May 5,Technology
FIS,46.27,5.30M,0.88,0.99,★★☆☆,41.6%,60.9,83.0,Fidelity National Information Services Inc,May 5,Financial
FITB,47.12,7.30M,1.47,0.30,★★★☆,39.4%,39.6,94.2,Fifth Third Bancorp,Apr 17 <,Financial
FIVE,235.30,1.12M,1.68,0.91,★★☆☆,46.1%,13.6,33.4,Five Below Inc,,Services
FIVN,15.01,2.58M,2.30,0.67,★★★☆,82.8%,74.3,85.9,Five9 Inc,May 7,Technology
FIX,"1,417.70",284K,1.51,0.76,★☆☆☆,72.8%,70.8,97.7,Comfort Systems USA Inc,Apr 23,Capital Goods
FLO,8.24,3.37M,0.30,0.67,★★★★,127.2%,69.7,46.5,Flowers Foods Inc,May 15,Consumer/Non-Cyclical
FLS,75.23,1.71M,1.28,0.91,★★☆☆,50.0%,51.3,76.2,Flowserve Corp,May 5,Capital Goods
FMC,17.75,3.21M,0.66,0.61,★★★★,79.5%,71.0,76.2,FMC Corp,Apr 29,Basic Materials
FNB,16.86,8.40M,0.87,0.86,★★☆☆,"1,041.2%",18.5,88.0,F N B Corp,Apr 16 >,Financial
FND,47.48,3.40M,1.82,0.94,★★★☆,62.7%,51.5,96.1,Floor & Decor Holdings Inc Class A,May 7,Capital Goods
FNF,45.69,2.16M,1.04,0.93,★★★☆,43.8%,72.9,59.2,Fidelity National Financial Inc,May 6,Financial
FOUR,42.73,1.10M,1.58,0.96,★★★☆,80.3%,81.4,97.2,Shift4 Payments Inc Class A,May 5,Financial
FOX,52.87,1.00M,0.68,0.93,★★☆☆,56.0%,60.9,41.9,Fox Corp Class B,May 11,Services
FOXA,58.62,2.04M,0.62,0.92,★★★☆,38.2%,59.4,51.4,Fox Corp Class A,May 11,Services
FR,58.67,926K,1.14,0.46,★★☆☆,91.9%,6.9,70.6,First Industrial Realty Trust Inc,Apr 15,Services
FRPT,59.40,1.51M,2.59,0.98,★★☆☆,65.6%,48.2,65.3,Freshpet Inc,May 4,Consumer/Non-Cyclical
FRT,106.82,1.06M,1.02,0.90,★★☆☆,28.8%,33.0,53.5,Federal Realty Investment Trust,May 1 <,Services
FSLR,195.27,1.53M,2.34,-0.40,★★☆☆,60.4%,34.1,65.0,First Solar Inc,May 5,Technology
FTI,71.03,2.42M,0.51,-0.47,★★☆☆,48.7%,38.6,94.5,TechnipFMC PLC,Apr 30 <,
FTNT,82.52,4.14M,0.99,-0.32,★★★☆,46.1%,34.8,69.8,Fortinet Inc,May 6,Technology
FTRE,9.45,846K,1.69,0.80,★★☆☆,105.1%,15.8,33.9,Fortrea Holdings Inc,May 11,Healthcare
FTV,56.08,1.93M,1.28,0.72,★★☆☆,45.7%,46.8,51.8,Fortive Corp,Apr 30 <,Technology
FWONA,80.73,158K,0.65,0.94,★☆☆☆,26.2%,51.4,18.3,Liberty Media Corp Registered Shs Series -A- Formula One,May 6,Financial
FWONK,87.88,1.14M,0.58,0.94,★★☆☆,39.8%,23.0,89.6,Liberty Media Corp Registered Shs Series -C- Formula One,May 6,Financial
G,37.74,2.41M,0.72,0.93,★★☆☆,52.7%,77.2,50.7,Genpact Ltd,May 6,Services
GD,349.00,1.10M,0.36,0.79,★★☆☆,30.4%,44.2,95.6,General Dynamics Corp,Apr 22,Capital Goods
GDDY,81.67,2.08M,1.27,0.66,★★☆☆,55.1%,83.5,94.4,GoDaddy Inc Class A,May 7,Technology
GE,281.12,5.32M,1.44,-0.77,★★☆☆,43.7%,43.2,96.7,GE Aerospace,Apr 21 <,Capital Goods
GEHC,70.34,2.75M,1.19,0.80,★★☆☆,42.5%,36.3,95.0,GE HealthCare Technologies Inc Common Stock,Apr 29,Healthcare
GEN,18.88,6.63M,1.06,0.14,★★☆☆,50.0%,83.3,98.1,Gen Digital Inc,May 5,Technology
GEV,898.14,1.95M,1.35,0.36,★★☆☆,59.4%,33.0,84.8,GE Vernova Inc,Apr 22,Utilities
GFS,43.74,2.43M,1.57,0.61,★★★★,66.1%,47.0,88.4,GLOBALFOUNDRIES Inc,May 5,Technology
GGG,84.61,862K,1.09,0.96,★★☆☆,40.1%,43.7,29.1,Graco Inc,Apr 22,Capital Goods
GILD,139.71,4.93M,0.41,0.57,★★☆☆,32.3%,35.1,63.2,Gilead Sciences Inc,Apr 23,Healthcare
GIS,37.41,6.66M,-0.10,0.89,★★★★,32.4%,54.5,75.1,General Mills Inc,,Consumer/Non-Cyclical
GL,142.60,531K,0.48,0.90,★★☆☆,34.6%,29.9,85.0,Globe Life Inc,Apr 29,Financial
GLOB,47.87,990K,1.15,0.75,★★☆☆,71.5%,53.7,48.6,Globant SA,May 21,Technology
GLPI,44.40,2.34M,0.33,0.51,★★☆☆,23.5%,34.3,40.3,Gaming and Leisure Properties Inc,Apr 23,Services
GLW,147.87,11.6M,1.12,0.98,★★☆☆,74.2%,93.2,98.9,Corning Inc,May 5,Consumer/Non-Cyclical
GM,72.56,8.18M,1.36,0.73,★★★☆,47.2%,50.0,97.2,General Motors Co,Apr 28 <,Consumer Cyclical
GME,23.36,3.86M,1.78,0.42,★★★★,40.0%,4.9,2.9,GameStop Corp Class A,,Services
GMED,87.90,1.06M,1.07,0.93,★★☆☆,46.5%,59.2,75.3,Globus Medical Inc Class A,May 14,Healthcare
GNRC,194.04,478K,2.42,0.56,★★☆☆,59.0%,70.4,91.7,Generac Holdings Inc,Apr 29,Technology
GNTX,21.51,1.47M,0.79,0.58,★★☆☆,99.6%,49.2,80.0,Gentex Corp,Apr 24,Consumer Cyclical
GO,7.23,3.60M,0.77,0.94,★★★★,59.5%,68.6,31.0,Grocery Outlet Holding Corp,May 5,Services
GOOG,294.44,13.5M,1.14,0.38,★★★★,39.7%,33.0,75.8,Alphabet Inc Class C,Apr 23,
GOOGL,295.78,21.7M,1.13,0.10,★★★★,40.8%,35.1,79.1,Alphabet Inc Class A,Apr 23,Services
GPC,103.47,1.94M,0.79,0.95,★★☆☆,40.1%,57.6,98.2,Genuine Parts Co,Apr 21 <,Consumer Cyclical
GPK,9.69,6.06M,0.76,0.93,★★★☆,66.7%,63.3,37.5,Graphic Packaging Holding Co,May 5 <,Basic Materials
GPN,64.05,3.84M,0.73,0.59,★★★☆,57.7%,57.1,93.4,Global Payments Inc,May 5,Financial
GRAL,54.96,792K,2.21,0.08,★★☆☆,89.8%,33.4,28.4,GRAIL Inc,May 12,Healthcare
GRMN,237.69,411K,0.97,0.89,★★☆☆,44.4%,45.6,95.3,Garmin Ltd,Apr 29,Technology
GS,863.34,1.72M,1.31,0.50,★★☆☆,42.2%,39.1,93.7,The Goldman Sachs Group Inc,Apr 13,Financial
GTES,22.04,2.24M,1.43,0.89,★★★☆,49.1%,52.0,56.4,Gates Industrial Corp PLC,Apr 29,Capital Goods
GTLB,22.56,5.57M,0.87,0.18,★★☆☆,65.4%,45.6,65.7,GitLab Inc Class A,,Technology
GWRE,150.82,783K,1.02,0.55,★★☆☆,55.1%,56.7,73.2,Guidewire Software Inc,,Technology
GWW,"1,117.25",204K,1.08,-0.05,★☆☆☆,28.9%,54.4,94.1,W.W. Grainger Inc,May 7 <,Basic Materials
GXO,53.07,1.21M,1.56,0.58,★★★☆,43.9%,29.8,86.0,GXO Logistics Inc,May 6,Services
H,143.46,563K,1.26,0.48,★★☆☆,47.9%,52.0,98.3,Hyatt Hotels Corp Class A,May 7,Services
HAL,38.17,13.6M,0.75,0.90,★★★☆,47.2%,31.1,88.1,Halliburton Co,Apr 21 <,Energy
HAS,90.16,1.73M,0.60,0.92,★★☆☆,40.4%,28.0,90.3,Hasbro Inc,Apr 23,Consumer Cyclical
HAYW,13.38,1.78M,1.15,0.95,★★★☆,72.3%,57.7,38.1,Hayward Holdings Inc,May 7,Capital Goods
HBAN,15.79,18.8M,0.97,0.97,★★★★,38.5%,40.6,57.0,Huntington Bancshares Inc,Apr 23 <,Financial
HCA,471.92,905K,1.33,0.32,★☆☆☆,38.2%,53.4,97.3,HCA Healthcare Inc,Apr 24,Healthcare
HD,321.56,3.73M,1.09,0.76,★★☆☆,32.2%,37.3,91.7,The Home Depot Inc,May 19,Services
HEI,271.90,585K,1.04,0.78,★★☆☆,36.8%,52.5,89.1,Heico Corp,May 26,Capital Goods
HEI/A,211.13,475K,1.10,0.46,★☆☆☆,31.2%,58.6,53.3,Heico Corp Class A,May 26,
HHH,62.79,271K,1.36,0.79,★★☆☆,40.5%,42.5,84.7,Howard Hughes Holdings Inc,May 6,Services
HIG,136.20,1.02M,0.52,0.90,★★☆☆,26.9%,21.8,87.4,The Hartford Insurance Group Inc,Apr 23,Financial
HII,396.63,280K,0.32,0.91,★☆☆☆,48.9%,67.5,95.3,Huntington Ingalls Industries Inc,May 7,Capital Goods
HIW,21.44,1.01M,1.10,0.02,★★☆☆,139.3%,51.7,90.2,Highwoods Properties Inc,Apr 28 >,Services
HLI,141.28,626K,0.94,0.93,★☆☆☆,34.7%,53.0,91.3,Houlihan Lokey Inc Class A,May 6,Financial
HLT,305.04,1.43M,1.12,0.42,★★☆☆,36.4%,31.1,98.7,Hilton Worldwide Holdings Inc,Apr 28 <,Services
HOG,20.86,2.91M,1.31,0.49,★★★☆,55.6%,49.1,82.9,Harley-Davidson Inc,May 7,Consumer Cyclical
HOLX,75.61,3.12M,0.70,0.80,★★★☆,12.1%,10.6,13.5,Hologic Inc,May 7,Healthcare
HON,229.52,2.99M,0.91,0.93,★★☆☆,30.1%,35.8,86.8,Honeywell International Inc,Apr 23 <,Capital Goods
HOOD,68.94,23.5M,2.27,0.48,★★★★,75.7%,36.7,69.0,Robinhood Markets Inc Class A,Apr 28 >,Technology
HPE,24.61,11.1M,1.66,0.82,★★★☆,50.1%,34.4,67.5,Hewlett Packard Enterprise Co,,Technology
HPQ,19.50,15.2M,1.19,0.59,★★★★,46.4%,49.8,75.7,HP Inc,May 27,Technology
HR,17.41,2.34M,0.79,1.00,★★☆☆,668.7%,12.1,82.3,Healthcare Realty Trust Inc,May 7,
HRB,32.18,2.21M,0.34,0.62,★★★☆,58.1%,80.7,96.1,H&R Block Inc,May 6,Services
HRL,22.09,4.74M,0.37,0.52,★★☆☆,24.3%,31.9,33.8,Hormel Foods Corp,,Consumer/Non-Cyclical
HSIC,73.93,1.20M,0.86,-0.15,★★☆☆,43.4%,56.6,72.1,Henry Schein Inc,May 4,Healthcare
HST,19.15,8.20M,1.16,-0.10,★★★☆,36.3%,31.9,53.1,Host Hotels & Resorts Inc,May 6 >,Services
HSY,206.16,1.69M,0.18,0.92,★★☆☆,36.9%,54.0,97.3,The Hershey Co,May 7,Consumer/Non-Cyclical
HUBB,494.14,308K,0.97,0.78,★☆☆☆,42.5%,40.6,98.6,Hubbell Inc,May 7,Technology
HUBS,244.54,801K,1.44,-0.04,★★☆☆,78.4%,78.9,95.5,HubSpot Inc,May 14,Technology
HUM,177.82,973K,0.43,0.47,★★☆☆,79.4%,85.8,99.9,Humana Inc,Apr 29,Healthcare
HUN,12.89,3.18M,0.68,0.68,★★★☆,77.9%,45.1,82.4,Huntsman Corp,Apr 30 >,Basic Materials
HWM,232.70,1.76M,1.19,0.57,★★☆☆,44.4%,41.2,86.6,Howmet Aerospace Inc,May 7,Capital Goods
HXL,79.23,1.36M,1.06,0.92,★☆☆☆,40.5%,41.9,47.6,Hexcel Corp,Apr 22 >,Technology
IAC,39.81,770K,1.10,0.75,★★☆☆,42.8%,19.5,46.3,IAC Inc Ordinary Shares - New,May 4,Services
IBKR,67.74,3.05M,1.23,-0.25,★★☆☆,50.0%,38.8,92.0,Interactive Brokers Group Inc Class A,Apr 21,Financial
IBM,248.17,3.35M,0.66,-0.07,★★☆☆,45.1%,56.1,95.9,International Business Machines Corp,Apr 22,Technology
ICE,162.92,4.31M,1.03,0.95,★★☆☆,30.0%,49.8,90.2,Intercontinental Exchange Inc,Apr 30 <,Financial
IDA,144.26,431K,0.57,0.30,★★☆☆,20.9%,17.6,28.3,Idacorp Inc,May 7,Utilities
IDXX,569.46,734K,1.72,0.16,★☆☆☆,42.5%,59.7,88.4,IDEXX Laboratories Inc,May 7,Consumer/Non-Cyclical
IEX,190.37,461K,0.98,0.89,★☆☆☆,29.0%,28.0,52.9,IDEX Corp,Apr 29 <,Capital Goods
IFF,72.46,1.23M,1.04,0.73,★★☆☆,40.4%,54.8,86.9,International Flavors & Fragrances Inc,May 5,Consumer/Non-Cyclical
ILMN,127.25,961K,1.52,0.83,★★☆☆,50.9%,33.0,63.0,Illumina Inc,May 14,Technology
INCY,95.92,1.16M,0.89,0.70,★★☆☆,44.6%,41.0,65.7,Incyte Corp,May 5,Healthcare
INGR,112.71,506K,0.70,0.53,★☆☆☆,33.3%,59.0,64.9,Ingredion Inc,May 5,Consumer/Non-Cyclical
INSP,54.98,1.00M,0.37,0.87,★★☆☆,94.1%,90.2,98.3,Inspire Medical Systems Inc,May 4,Healthcare
INTC,50.36,117M,1.37,0.34,★★★★,74.1%,56.9,89.8,Intel Corp,Apr 23,Technology
INTU,422.32,2.56M,1.15,0.96,★★☆☆,50.0%,68.5,86.3,Intuit Inc,May 28,Technology
INVH,25.56,5.05M,0.82,0.76,★★★☆,66.1%,31.7,95.1,Invitation Homes Inc,Apr 29,Services
IONS,74.81,1.79M,0.40,0.25,★★☆☆,42.1%,18.7,27.2,Ionis Pharmaceuticals Inc,Apr 29,Healthcare
IP,34.81,7.66M,1.19,0.63,★★☆☆,50.4%,60.7,93.1,International Paper Co,Apr 30 <,Basic Materials
IPGP,113.97,261K,1.07,0.94,★☆☆☆,67.5%,74.3,92.1,IPG Photonics Corp,May 5,Technology
IQV,173.25,794K,1.56,0.92,★★☆☆,47.3%,43.0,95.4,IQVIA Holdings Inc,May 5,Healthcare
IR,77.91,3.19M,1.27,0.80,★★☆☆,43.2%,46.6,86.9,Ingersoll Rand Inc,May 7,
IRDM,32.90,3.90M,0.50,0.72,★★★☆,81.2%,57.1,82.5,Iridium Communications Inc,Apr 23 <,Services
IRM,103.31,1.11M,1.18,0.61,★★☆☆,43.9%,56.3,94.4,Iron Mountain Inc,May 7,Transportation
ISRG,452.06,1.65M,1.64,0.79,★★☆☆,43.7%,41.7,89.8,Intuitive Surgical Inc,Apr 28,Healthcare
IT,157.83,866K,0.99,0.74,★★☆☆,64.3%,90.0,96.0,Gartner Inc,May 5,Healthcare
ITT,193.21,802K,1.29,0.94,★★☆☆,36.2%,37.3,95.4,ITT Inc,May 7,Capital Goods
ITW,258.27,813K,1.14,0.73,★★☆☆,29.6%,43.8,99.0,Illinois Tool Works Inc,Apr 29,Consumer Cyclical
IVZ,24.13,3.04M,1.67,0.07,★★★☆,49.0%,38.5,86.7,Invesco Ltd,Apr 28,Financial
J,128.02,674K,0.78,0.81,★★☆☆,41.0%,53.4,97.0,Jacobs Solutions Inc,May 5,Capital Goods
JAZZ,186.87,696K,0.28,0.05,★★☆☆,36.4%,33.1,46.6,Jazz Pharmaceuticals PLC,May 5,Healthcare
JBHT,214.92,682K,1.26,0.81,★★☆☆,47.8%,52.0,97.0,JB Hunt Transport Services Inc,Apr 15 >,Transportation
JBL,268.63,795K,1.16,0.73,★★☆☆,47.4%,40.0,61.2,Jabil Inc,,Technology
JCI,132.92,2.47M,1.39,0.95,★★★☆,40.5%,54.3,94.9,Johnson Controls International PLC Registered Shares,May 6,
JEF,41.68,1.71M,1.53,0.96,★★★☆,50.6%,39.0,58.4,Jefferies Financial Group Inc,,
JHG,51.50,2.15M,1.54,0.97,★★★☆,42.6%,0.8,15.5,Janus Henderson Group PLC,May 7,Financial
JKHY,157.45,1.01M,0.67,0.88,★☆☆☆,31.1%,40.8,79.8,Jack Henry & Associates Inc,May 5,Technology
JLL,305.80,396K,1.42,0.77,★★☆☆,38.1%,36.3,74.1,Jones Lang LaSalle Inc,Apr 30 <,Services
JNJ,243.04,6.88M,0.35,0.29,★★★☆,28.8%,54.3,98.0,Johnson & Johnson,Apr 14 <,Healthcare
JPM,294.74,6.67M,1.05,0.76,★★★☆,35.5%,35.5,92.4,JPMorgan Chase & Co,Apr 14 <,Financial
KBR,38.06,940K,-0.03,0.81,★★☆☆,43.6%,38.1,57.4,KBR Inc,May 5,Capital Goods
KD,13.22,2.55M,1.87,0.32,★★★☆,67.4%,53.3,76.6,Kyndryl Holdings Inc Ordinary Shares,May 6,Technology
KDP,25.31,10.6M,0.36,0.99,★★★☆,32.8%,46.3,79.8,Keurig Dr Pepper Inc,Apr 23,Consumer/Non-Cyclical
KEX,135.99,407K,0.83,0.68,★☆☆☆,44.1%,40.1,78.2,Kirby Corp,Apr 30 <,Transportation
KEY,20.46,13.6M,1.06,0.90,★★★★,38.0%,28.6,74.7,KeyCorp,Apr 16,Financial
KEYS,291.27,889K,1.17,0.65,★★☆☆,48.2%,64.2,94.3,Keysight Technologies Inc,May 19,Technology
KHC,22.78,12.8M,-0.01,0.97,★★★★,35.1%,50.8,91.9,The Kraft Heinz Co,May 5,Consumer/Non-Cyclical
KIM,22.58,5.00M,1.05,0.91,★★★☆,66.0%,43.6,68.2,Kimco Realty Corp,May 7,Services
KKR,91.24,5.58M,1.87,0.89,★★☆☆,55.1%,36.0,92.7,KKR & Co Inc Ordinary Shares,May 7,Financial
KLAC,"1,516.77",662K,1.49,-0.43,★☆☆☆,60.6%,61.6,96.7,KLA Corp,Apr 29,Capital Goods
KMB,96.13,4.64M,0.30,0.81,★★☆☆,31.6%,74.7,94.2,Kimberly-Clark Corp,Apr 28,Consumer/Non-Cyclical
KMI,32.96,9.47M,0.64,-0.19,★★★★,31.7%,22.5,86.6,Kinder Morgan Inc Class P,Apr 15,Utilities
KMPR,30.61,844K,1.14,0.97,★☆☆☆,72.8%,63.4,30.9,Kemper Corp,May 6,Financial
KMX,41.22,2.26M,1.33,0.54,★★★☆,72.3%,77.2,88.6,CarMax Inc,Apr 14 <,Services
KNSL,344.90,291K,1.09,0.72,★☆☆☆,45.0%,41.8,79.7,Kinsale Capital Group Inc,Apr 23,Financial
KNX,58.61,2.03M,1.08,0.88,★★☆☆,48.2%,44.9,88.2,Knight-Swift Transportation Holdings Inc Class A,Apr 22,
KO,76.71,14.6M,0.38,0.70,★★★★,25.6%,52.2,93.4,Coca-Cola Co,Apr 28 <,Consumer/Non-Cyclical
KR,72.33,4.05M,0.55,0.72,★★★☆,24.1%,44.6,25.7,The Kroger Co,,Services
KRC,28.45,2.23M,1.12,0.34,★☆☆☆,49.6%,53.5,33.8,Kilroy Realty Corp,Apr 27 >,Services
KSS,12.82,2.81M,1.55,0.96,★★★☆,65.7%,16.4,14.2,Kohl's Corp,,Services
KVUE,17.15,14.8M,0.24,0.61,★★★★,315.6%,14.8,99.7,Kenvue Inc,May 14,Consumer/Non-Cyclical
L,107.66,519K,0.59,0.94,★★☆☆,21.5%,25.0,30.6,Loews Corp,May 4,Financial
LAD,251.85,222K,1.22,-0.21,★☆☆☆,49.0%,34.4,98.4,Lithia Motors Inc Class A,Apr 22,Services
LAMR,127.64,533K,1.22,0.82,★★☆☆,29.2%,33.1,56.6,Lamar Advertising Co Class A,May 14,Services
LAZ,41.46,1.28M,1.35,0.98,★★☆☆,52.6%,41.3,90.5,Lazard Inc,Apr 24,Financial
LBRDA,51.06,105K,1.01,0.81,★☆☆☆,56.2%,88.1,88.6,Liberty Broadband Corp Registered Shs Series -A-,May 6,Services
LBRDK,51.21,593K,1.03,0.78,★☆☆☆,54.5%,87.2,94.3,Liberty Broadband Corp Registered Shs Series -C-,May 6,Services
LBTYA,12.23,4.01M,1.11,0.93,★★★☆,51.5%,45.4,15.6,Liberty Global Ltd Ordinary Shares - Class A,May 1,Services
LCID,9.96,4.02M,0.49,0.67,★★★★,74.9%,16.2,23.9,Lucid Group Inc Shs,May 5,Consumer Cyclical
LDOS,158.84,689K,0.53,0.93,★★☆☆,37.8%,51.8,89.3,Leidos Holdings Inc,May 5,Technology
LEA,118.54,622K,1.02,0.59,★☆☆☆,39.6%,33.6,73.1,Lear Corp,May 1 <,Consumer Cyclical
LECO,243.59,511K,1.22,0.90,★☆☆☆,42.8%,56.5,98.8,Lincoln Electric Holdings Inc,Apr 30 <,Capital Goods
LEG,9.69,1.27M,0.79,0.97,★★☆☆,479.5%,0.9,98.6,Leggett & Platt Inc,Apr 27,Consumer Cyclical
LEN,86.48,3.06M,1.40,0.78,★★☆☆,47.8%,56.2,95.5,Lennar Corp Class A,,Capital Goods
LEN/B,83.89,73.8K,1.21,0.00,☆☆☆☆,--%,--,0.0,Lennar Corp Class B,,
LFUS,346.51,179K,1.43,0.97,★☆☆☆,52.3%,64.8,90.0,Littelfuse Inc,May 5,Technology
LH,273.80,467K,1.02,0.89,★☆☆☆,34.5%,59.3,99.0,Labcorp Holdings Inc,Apr 30 <,Healthcare
LHX,355.93,1.01M,0.61,0.89,★★☆☆,35.1%,46.7,95.2,L3Harris Technologies Inc,Apr 30 <,Technology
LII,454.37,400K,1.21,0.77,★☆☆☆,48.3%,73.6,99.3,Lennox International Inc,Apr 22,Capital Goods
LIN,502.69,2.13M,0.79,0.69,★★☆☆,27.7%,35.8,95.2,Linde PLC,May 7,Basic Materials
LINE,32.94,956K,0.70,0.86,★★☆☆,52.6%,63.0,44.6,Lineage Inc REIT,Apr 29,
LITE,826.50,7.90M,1.70,-0.28,★☆☆☆,105.7%,82.2,82.1,Lumentum Holdings Inc,May 5,Technology
LKQ,28.19,4.32M,0.91,0.85,★★★☆,57.3%,76.2,98.4,LKQ Corp,Apr 30 <,Consumer Cyclical
LLY,935.77,2.73M,0.43,0.06,★★☆☆,49.2%,52.5,96.2,Eli Lilly and Co,Apr 30 <,Healthcare
LLYVA,94.48,127K,0.06,0.96,★☆☆☆,50.1%,100.2,38.9,Liberty Live Holdings Inc Ordinary Shares (Liberty Live Group) Series A,May 6,Services
LLYVK,96.92,176K,-0.02,0.97,★☆☆☆,37.4%,75.3,33.4,Liberty Live Holdings Inc Ordinary Shares (Liberty Live Group) Series C,May 6,Services
LMT,622.81,1.12M,0.21,0.42,★☆☆☆,39.2%,73.3,98.8,Lockheed Martin Corp,Apr 23 <,Capital Goods
LNC,34.88,1.92M,1.26,0.93,★★★☆,48.6%,42.4,93.2,Lincoln National Corp,May 14,Financial
LNG,281.17,3.28M,0.23,0.02,★★☆☆,43.1%,53.1,99.5,Cheniere Energy Inc,May 14,Energy
LNT,72.87,1.67M,0.37,0.60,★★☆☆,20.8%,16.9,30.5,Alliant Energy Corp,May 14,Utilities
LOAR,57.05,1.11M,1.36,0.92,★☆☆☆,72.1%,82.1,99.6,Loar Holdings Inc,May 12,Capital Goods
LOPE,171.34,191K,0.64,0.63,★☆☆☆,38.1%,45.6,71.8,Grand Canyon Education Inc,Apr 30 >,Services
LOW,231.09,2.76M,0.99,0.84,★★☆☆,32.8%,34.7,86.1,Lowe's Companies Inc,May 20,Services
LPLA,294.01,619K,0.86,0.50,★★☆☆,55.7%,61.4,98.8,LPL Financial Holdings Inc,May 14,Financial
LPX,70.80,781K,1.76,0.93,★★☆☆,51.5%,58.7,82.8,Louisiana-Pacific Corp,May 5,Capital Goods
LRCX,218.43,6.81M,1.75,-0.56,★★☆☆,74.0%,69.2,97.6,Lam Research Corp,Apr 22,Technology
LSCC,95.03,1.24M,1.67,0.27,★★☆☆,71.1%,40.8,94.8,Lattice Semiconductor Corp,May 4,Technology
LSTR,163.30,284K,0.95,0.83,★☆☆☆,42.2%,49.1,81.4,Landstar System Inc,Apr 28 >,Transportation
LULU,155.70,1.96M,1.00,0.98,★★☆☆,47.0%,25.3,36.9,Lululemon Athletica Inc,,Consumer Cyclical
LUV,37.61,9.75M,1.10,-0.17,★★★☆,60.8%,64.7,98.4,Southwest Airlines Co,Apr 22,Transportation
LVS,54.33,1.96M,1.28,-0.11,★★☆☆,49.6%,54.1,95.2,Las Vegas Sands Corp,Apr 22,Services
LW,39.33,4.64M,0.50,0.84,★★☆☆,41.5%,47.9,50.8,Lamb Weston Holdings Inc,,Consumer/Non-Cyclical
LYB,79.59,7.02M,0.67,0.92,★★★☆,55.1%,50.4,71.3,LyondellBasell Industries NV Class A,Apr 24,Basic Materials
LYFT,13.34,9.39M,1.79,-0.35,★★★★,53.6%,14.7,25.4,Lyft Inc Class A,May 14,Services
LYV,155.87,2.22M,1.28,0.95,★★☆☆,38.2%,25.4,56.3,Live Nation Entertainment Inc,May 7,Services
M,17.82,6.67M,2.62,0.69,★★★☆,49.8%,29.7,42.1,Macy's Inc,May 27,Services
MA,493.42,2.93M,0.82,0.61,★★☆☆,32.2%,40.9,92.0,Mastercard Inc Class A,May 7,Financial
MAA,124.85,1.08M,0.57,0.74,★★☆☆,26.6%,34.2,71.3,Mid-America Apartment Communities Inc,Apr 29,Services
MAN,29.33,784K,0.93,0.94,★★☆☆,67.8%,68.9,70.0,ManpowerGroup Inc,Apr 16,Services
MANH,134.49,449K,0.99,0.88,★★☆☆,58.9%,65.8,95.6,Manhattan Associates Inc,Apr 28,Technology
MAR,331.87,1.12M,1.13,0.45,★★☆☆,34.1%,25.3,80.0,Marriott International Inc Class A,May 5,Services
MAS,59.11,2.06M,1.66,0.97,★★☆☆,46.9%,49.6,93.4,Masco Corp,Apr 22,Capital Goods
MASI,178.59,1.01M,1.24,0.32,★★☆☆,7.6%,3.9,2.1,Masimo Corp,May 5,Healthcare
MAT,14.37,4.29M,0.86,0.66,★★★☆,48.5%,38.6,75.9,Mattel Inc,May 4,Consumer Cyclical
MCD,307.05,2.65M,0.25,0.77,★★☆☆,23.5%,28.4,83.5,McDonald's Corp,May 7,Services
MCHP,65.60,6.60M,1.48,0.45,★★☆☆,57.7%,38.6,82.9,Microchip Technology Inc,May 14,Technology
MCK,884.35,571K,0.22,0.13,★☆☆☆,34.4%,46.5,94.1,McKesson Corp,May 7 >,Healthcare
MCO,440.94,794K,1.36,0.88,★★☆☆,39.1%,53.9,96.1,Moodys Corp,Apr 28,Services
MDB,253.06,1.29M,2.41,0.13,★★☆☆,62.6%,32.6,54.8,MongoDB Inc Class A,,Technology
MDLZ,57.53,5.63M,0.36,0.97,★★☆☆,30.7%,52.1,92.5,Mondelez International Inc Class A,May 5,Consumer/Non-Cyclical
MDT,86.61,4.69M,0.89,0.40,★★★☆,22.5%,25.7,55.9,Medtronic PLC,May 20 <,Healthcare
MDU,21.33,1.29M,0.86,0.80,★★☆☆,261.8%,14.7,54.3,MDU Resources Group Inc,May 14,Utilities
MEDP,498.55,284K,1.35,0.91,★☆☆☆,55.9%,57.2,88.4,Medpace Holdings Inc,Apr 22 >,Healthcare
MET,70.71,2.56M,1.07,0.93,★★★☆,36.0%,31.8,93.7,MetLife Inc,Apr 29,Financial
META,574.55,13.5M,1.76,0.30,★★★☆,47.8%,45.0,91.1,Meta Platforms Inc Class A,Apr 29,Services
MGM,36.67,3.43M,1.75,0.61,★★☆☆,48.4%,31.8,81.3,MGM Resorts International,Apr 29,Services
MHK,96.82,1.17M,1.58,0.94,★★☆☆,49.0%,46.3,87.1,Mohawk Industries Inc,May 7,Consumer Cyclical
MIDD,132.05,405K,1.41,0.85,★☆☆☆,36.6%,48.7,64.2,The Middleby Corp,May 6,Capital Goods
MKC,48.83,6.33M,0.43,0.89,★★★☆,39.6%,68.4,96.1,McCormick & Co Inc Ordinary Shares (Non Voting),,Consumer/Non-Cyclical
MKL,"1,899.27",46.7K,0.49,0.89,★☆☆☆,26.3%,33.8,91.9,Markel Group Inc,Apr 29,Financial
MKSI,234.45,885K,1.91,0.35,★★☆☆,72.1%,49.8,94.8,MKS Inc,May 6,Technology
MKTX,171.56,301K,1.00,-0.21,★☆☆☆,39.1%,64.3,73.1,MarketAxess Holdings Inc,May 6,Financial
MLM,597.00,252K,0.96,0.56,★☆☆☆,34.6%,48.3,99.6,Martin Marietta Materials Inc,Apr 29,Capital Goods
MMM,144.49,1.78M,1.15,0.57,★★☆☆,34.1%,29.3,79.1,3M Co,Apr 28,Capital Goods
MNST,72.38,3.16M,0.50,0.74,★★★☆,34.4%,43.6,83.5,Monster Beverage Corp,May 14,Consumer/Non-Cyclical
MO,65.74,9.8M,0.49,-0.68,★★★☆,26.3%,33.1,91.1,Altria Group Inc,Apr 30 <,Consumer/Non-Cyclical
MOH,139.28,1.28M,0.16,0.00,★★☆☆,68.6%,56.5,97.3,Molina Healthcare Inc,Apr 22,Healthcare
MORN,173.07,480K,1.06,0.87,★☆☆☆,38.8%,75.6,90.0,Morningstar Inc,Apr 29,Financial
MOS,26.17,7.99M,0.82,-0.35,★★★☆,55.7%,65.2,89.1,The Mosaic Co,May 5,Basic Materials
MP,49.72,4.68M,1.69,-0.72,★★★☆,70.6%,25.0,31.0,MP Materials Corp Ordinary Shares - Class A,May 14,Basic Materials
MPC,241.74,1.84M,0.95,0.05,★★☆☆,43.3%,36.0,92.5,Marathon Petroleum Corp,May 5,Energy
MPWR,"1,118.30",344K,1.48,-0.06,★☆☆☆,63.0%,43.8,95.7,Monolithic Power Systems Inc,May 7,Technology
MRK,121.01,6.39M,0.22,0.57,★★★☆,38.3%,38.2,94.2,Merck & Co Inc,Apr 30 <,Healthcare
MRNA,49.19,4.63M,1.30,0.83,★★★☆,80.1%,41.1,74.0,Moderna Inc,May 7,Healthcare
MRVL,107.11,23.8M,1.95,-0.06,★★★☆,57.5%,26.3,34.5,Marvell Technology Inc,,Technology
MS,165.78,5.11M,1.18,0.60,★★★☆,43.4%,41.3,94.5,Morgan Stanley,Apr 15 <,Financial
MSA,164.86,192K,1.16,0.98,★☆☆☆,30.2%,40.8,55.3,MSA Safety Inc,May 5,Healthcare
MSCI,544.77,351K,1.27,0.95,★☆☆☆,39.0%,61.6,97.1,MSCI Inc,Apr 28,Technology
MSFT,373.50,24.2M,1.08,0.40,★★★★,38.1%,54.3,98.4,Microsoft Corp,Apr 29,Technology
MSGS,324.14,189K,0.56,0.86,★★☆☆,35.0%,45.9,90.0,Madison Square Garden Sports Corp Class A,May 1,Services
MSI,438.98,845K,0.77,0.89,★★☆☆,30.7%,50.1,93.1,Motorola Solutions Inc,May 7,Technology
MSM,90.23,1.02M,0.72,0.36,★★☆☆,37.1%,37.1,84.1,MSC Industrial Direct Co Inc Class A,,Capital Goods
MSTR,119.83,17.7M,3.24,0.43,★★★★,86.0%,46.1,68.3,Strategy Inc Class A,May 7,Technology
MTB,210.12,690K,1.12,0.55,★★☆☆,36.4%,40.7,91.9,M&T Bank Corp,Apr 15 <,Financial
MTCH,31.44,2.32M,1.37,0.81,★★★☆,47.0%,50.6,75.1,Match Group Inc Ordinary Shares - New,May 14,Services
MTD,"1,259.98",87.7K,1.41,0.98,★☆☆☆,38.9%,37.1,90.0,Mettler-Toledo International Inc,May 7,Technology
MTDR,62.88,1.78M,0.79,0.75,★★☆☆,50.8%,23.4,81.7,Matador Resources Co,Apr 22,Energy
MTG,26.52,2.08M,0.80,0.94,★★★☆,108.2%,37.5,64.2,MGIC Investment Corp,Apr 29,Financial
MTN,131.15,553K,0.68,0.41,★★☆☆,47.8%,63.0,83.6,Vail Resorts Inc,,Services
MTSI,238.40,821K,1.42,0.69,★☆☆☆,69.7%,63.7,97.7,MACOM Technology Solutions Holdings Inc,May 14,Technology
MTZ,336.37,530K,2.45,0.88,★★☆☆,61.7%,52.9,94.9,MasTec Inc,May 7,Capital Goods
MU,366.13,51.7M,1.48,-0.91,★★★☆,74.4%,61.7,75.7,Micron Technology Inc,,Technology
MUSA,502.80,248K,0.22,0.48,★☆☆☆,42.3%,53.1,81.4,Murphy USA Inc,May 6,Services
NBIX,131.59,707K,0.36,0.84,★★☆☆,44.5%,42.7,93.2,Neurocrine Biosciences Inc,May 4,Healthcare
NCLH,18.92,24.2M,2.01,0.99,★★★★,75.9%,45.7,98.1,Norwegian Cruise Line Holdings Ltd,Apr 29,Transportation
NCNO,17.08,4.60M,0.61,0.93,★★★☆,70.0%,42.6,43.7,Ncino Inc Ordinary Shares,May 27,Technology
NDAQ,86.66,2.51M,1.00,0.97,★★☆☆,33.8%,41.0,93.9,Nasdaq Inc,Apr 23,Financial
NDSN,263.09,457K,0.98,0.80,★☆☆☆,32.9%,35.0,90.0,Nordson Corp,May 27,Basic Materials
NEE,93.18,10.4M,0.70,0.42,★★★☆,30.2%,23.3,72.8,NextEra Energy Inc,Apr 22,Utilities
NEM,114.04,9.18M,0.19,0.64,★★★☆,58.9%,83.3,94.6,Newmont Corp,Apr 23 >,Basic Materials
NET,211.68,2.10M,2.28,-0.45,★★☆☆,58.1%,30.4,49.7,Cloudflare Inc,May 14,Services
NEU,635.32,96K,0.77,0.91,★☆☆☆,36.2%,82.5,88.8,NewMarket Corp,Apr 22,Basic Materials
NFE,0.5768,6.98M,0.83,0.95,★★★★,137.1%,14.4,3.9,New Fortress Energy Inc Class A,May 13,Utilities
NFG,94.44,587K,0.33,-0.83,★★☆☆,35.6%,40.0,55.6,National Fuel Gas Co,Apr 29,Energy
NFLX,98.68,37.1M,1.82,0.41,★★★★,44.2%,39.6,79.7,Netflix Inc,Apr 16,Services
NI,47.48,1.98M,0.64,0.08,★★★☆,28.3%,23.5,30.6,NiSource Inc,May 6,Utilities
NKE,44.18,63.3M,1.11,0.84,★★★★,38.1%,29.0,41.2,Nike Inc Class B,,Consumer Cyclical
NLY,21.37,7.01M,1.05,0.56,★★★★,25.3%,29.3,41.6,Annaly Capital Management Inc,Apr 29,Financial
NNN,42.77,1.55M,0.69,0.51,★★★☆,127.3%,35.7,95.3,NNN REIT Inc,Apr 30 <,Services
NOC,702.30,613K,-0.12,0.91,★☆☆☆,36.8%,65.0,96.8,Northrop Grumman Corp,Apr 21 <,Capital Goods
NOV,18.77,4.03M,0.46,0.87,★★☆☆,47.5%,25.2,61.3,NOV Inc,Apr 27,Energy
NOW,101.94,16.6M,1.14,0.02,★★★☆,64.0%,75.3,98.6,ServiceNow Inc,Apr 22,Technology
NRG,152.68,3.18M,1.37,0.41,★★☆☆,50.4%,29.4,74.0,NRG Energy Inc,May 11,Utilities
NSA,39.12,641K,0.96,0.14,★★☆☆,43.7%,23.7,16.0,National Storage Affiliates Trust,May 4,Transportation
NSC,288.07,2.06M,1.39,0.70,★★☆☆,27.5%,33.3,83.2,Norfolk Southern Corp,Apr 24 <,Transportation
NTAP,103.34,1.39M,1.33,0.87,★★☆☆,36.9%,30.1,49.8,NetApp Inc,May 28 >,Technology
NTNX,41.10,3.29M,0.48,-0.32,★★★☆,56.2%,61.6,69.5,Nutanix Inc Class A,May 27,Basic Materials
NTRA,208.32,1.28M,1.60,0.37,★★☆☆,54.4%,34.4,78.8,Natera Inc,May 14,Healthcare
NTRS,142.24,679K,1.25,0.94,★★☆☆,40.8%,37.4,96.7,Northern Trust Corp,Apr 21 <,Financial
NU,14.16,39.3M,1.14,0.05,★★★★,49.4%,32.1,67.4,Nu Holdings Ltd Ordinary Shares Class A,May 12,Financial
NUE,172.45,1.21M,1.70,0.88,★★☆☆,41.6%,21.8,76.4,Nucor Corp,Apr 27,Basic Materials
NVDA,177.40,143M,2.40,-0.49,★★★★,39.0%,4.5,15.5,NVIDIA Corp,May 27,Technology
NVR,"6,667.67",20.7K,0.63,0.23,☆☆☆☆,--%,--,0.0,NVR Inc,Apr 28,Capital Goods
NVST,25.81,1.70M,1.14,0.74,★☆☆☆,64.9%,31.8,40.2,Envista Holdings Corp Ordinary Shares,May 7,Healthcare
NVT,117.89,2.59M,1.80,0.76,★★☆☆,58.9%,49.9,94.4,nVent Electric PLC,May 1,Technology
NWL,3.39,4.04M,1.34,0.97,★★★☆,150.4%,46.4,63.0,Newell Brands Inc,Apr 29,
NWS,28.10,1.36M,1.02,0.95,★★☆☆,148.9%,16.4,82.4,News Corp Class B,May 14,
NWSA,24.40,4.78M,1.00,0.78,★★☆☆,40.3%,51.5,22.4,News Corp Class A,May 14,Services
NXST,180.38,425K,0.84,0.95,★☆☆☆,44.5%,50.2,98.2,Nexstar Media Group Inc,May 14,Services
NYT,85.69,1.26M,0.65,0.76,★★★☆,36.7%,61.8,63.1,New York Times Co Class A,May 6,Services
O,62.21,6.17M,0.79,0.57,★★★★,23.0%,39.9,92.7,Realty Income Corp,May 4,Services
OC,105.84,871K,1.36,0.92,★★☆☆,48.8%,49.2,93.6,Owens-Corning Inc,May 6,Capital Goods
ODFL,198.02,2.06M,1.22,0.85,★★☆☆,53.0%,45.6,98.7,Old Dominion Freight Line Inc rdinary Shares,Apr 29 <,Transportation
OGE,48.77,1.75M,0.24,0.52,★★☆☆,29.9%,43.5,12.7,OGE Energy Corp,Apr 29,Utilities
OGN,6.36,3.40M,0.44,0.82,★★★☆,422.5%,54.2,98.0,Organon & Co dinary Shares,May 7,Healthcare
OHI,45.01,1.51M,-0.15,0.19,★★★☆,27.0%,39.2,95.8,Omega Healthcare Investors Inc,May 7,Services
OKE,88.29,5.13M,0.75,0.53,★★★★,36.9%,22.2,87.1,ONEOK Inc,Apr 28 >,Energy
OKTA,80.19,3.08M,0.29,0.19,★★☆☆,50.9%,56.5,59.3,Okta Inc Class A,May 26,Technology
OLED,89.74,1.14M,1.66,0.51,★★☆☆,54.9%,46.2,91.5,Universal Display Corp,May 7,Technology
OLLI,95.22,1.89M,0.57,0.96,★★☆☆,44.0%,31.9,53.2,Ollie's Bargain Outlet Holdings Inc,,Services
OLN,28.57,2.22M,1.48,0.88,★★★☆,69.0%,35.0,81.5,Olin Corp,May 7,Basic Materials
OMC,74.82,4.22M,0.71,0.03,★★☆☆,39.1%,46.8,91.6,Omnicom Group Inc,Apr 21,Services
OMF,54.07,1.01M,1.53,0.74,★★☆☆,48.6%,35.7,95.9,OneMain Holdings Inc,May 5,Financial
ON,62.19,7.08M,1.54,-0.06,★★☆☆,56.0%,25.7,57.3,ON Semiconductor Corp,May 4,Technology
ONTO,215.64,462K,1.47,-0.08,★★☆☆,75.1%,64.2,93.5,Onto Innovation Inc,May 14,Technology
ORCL,146.38,14.4M,1.54,0.39,★★★★,54.0%,47.3,48.4,Oracle Corp,,Technology
ORI,40.39,933K,0.46,0.73,★★☆☆,28.7%,38.0,22.0,Old Republic International Corp,Apr 23,Financial
ORLY,91.41,3.70M,0.61,0.63,★★★☆,33.3%,49.3,90.7,O'Reilly Automotive Inc,Apr 29 >,Consumer Cyclical
OSK,147.50,678K,1.71,0.96,★★☆☆,50.0%,49.1,99.0,Oshkosh Corp,Apr 29,Capital Goods
OTIS,77.87,2.24M,1.03,0.73,★★☆☆,30.8%,47.4,95.4,Otis Worldwide Corp rdinary Shares,Apr 22,Capital Goods
OVV,59.18,2.76M,0.59,0.51,★★★☆,47.6%,24.2,87.2,Ovintiv Inc,May 5,
OWL,8.58,65.6M,0.96,0.77,★★★★,63.1%,53.1,81.8,Blue Owl Capital Inc Ordinary Shares - Class A,May 7,Financial
OXY,62.96,22.4M,0.08,0.86,★★★★,45.2%,45.6,93.6,Occidental Petroleum Corp,May 5 >,Energy
OZK,46.32,947K,1.34,0.90,★★★☆,44.2%,37.4,82.6,Bank OZK,Apr 21 >,Financial
PAG,149.22,154K,1.17,-0.41,★☆☆☆,35.0%,33.3,88.1,Penske Automotive Group Inc,Apr 29,Services
PANW,163.25,4.36M,0.76,0.49,★★★☆,41.3%,35.8,65.2,Palo Alto Networks Inc,May 19,Technology
PATH,11.24,13.8M,1.66,-0.10,★★★★,69.3%,37.1,51.8,UiPath Inc Class A,,Technology
PAYC,123.55,727K,0.33,0.15,★★☆☆,60.3%,77.4,94.1,Paycom Software Inc,May 6,Technology
PAYX,91.69,4.51M,0.85,0.86,★★★☆,37.4%,60.2,81.5,Paychex Inc,,Services
PB,67.02,1.02M,0.68,0.94,★☆☆☆,43.1%,61.0,30.1,Prosperity Bancshares Inc,Apr 22,Financial
PCAR,118.30,2.07M,1.05,-0.19,★★☆☆,37.4%,38.7,91.0,PACCAR Inc,May 5,Consumer Cyclical
PCG,17.77,14.3M,-0.01,0.70,★★★☆,31.2%,16.8,22.9,PG&E Corp,Apr 23,Utilities
PCOR,58.01,1.64M,1.45,0.86,★★☆☆,61.4%,67.6,88.1,Procore Technologies Inc,May 7,Technology
PCTY,106.16,1.11M,0.63,0.90,★☆☆☆,55.5%,75.1,95.8,Paylocity Holding Corp,May 7,Technology
PEG,81.82,1.98M,0.50,0.46,★★☆☆,29.7%,38.5,89.7,Public Service Enterprise Group Inc,Apr 29,Utilities
PEGA,42.61,1.73M,1.06,0.46,★★☆☆,75.9%,59.8,93.3,Pegasystems Inc,Apr 28,Technology
PEN,330.35,748K,0.78,-0.43,★★☆☆,14.8%,10.0,12.4,Penumbra Inc,Apr 22,Healthcare
PENN,14.77,2.74M,1.36,0.98,★★★☆,68.0%,57.4,81.6,PENN Entertainment Inc,Apr 23 <,Services
PEP,157.00,5.41M,0.33,0.87,★★★☆,28.6%,46.2,91.4,PepsiCo Inc,Apr 16 <,Consumer/Non-Cyclical
PFE,28.33,30.9M,0.36,0.76,★★★★,26.0%,17.4,38.2,Pfizer Inc,May 5,Healthcare
PFG,90.11,857K,1.20,0.94,★★☆☆,30.8%,30.8,43.6,Principal Financial Group Inc,Apr 23,Financial
PFGC,83.98,1.35M,1.20,0.29,★★☆☆,44.0%,61.2,97.6,Performance Food Group Co,May 6,Consumer/Non-Cyclical
PG,143.11,5.94M,0.41,0.99,★★★☆,28.7%,54.6,99.5,Procter & Gamble Co,Apr 24 <,Consumer/Non-Cyclical
PGR,195.30,2.18M,-0.03,0.79,★★☆☆,32.5%,33.1,81.9,Progressive Corp,Apr 15,Financial
PH,908.26,359K,1.21,0.89,★☆☆☆,41.3%,46.3,99.7,Parker Hannifin Corp,May 7,Basic Materials
PHM,117.33,1.84M,1.60,0.78,★★☆☆,43.8%,43.8,91.1,PulteGroup Inc,Apr 23 <,Capital Goods
PII,54.04,1.31M,1.79,0.69,★★☆☆,62.1%,29.5,76.5,Polaris Inc,Apr 28 <,Capital Goods
PINS,18.16,14.5M,0.85,-0.62,★★★★,51.1%,31.2,42.0,Pinterest Inc Class A,May 14,Services
PK,10.38,3.85M,1.39,0.45,★★★☆,526.6%,11.6,79.1,Park Hotels & Resorts Inc,Apr 30 >,Services
PKG,204.45,1.08M,0.91,0.70,★★☆☆,38.0%,55.8,96.6,Packaging Corp of America,Apr 22 >,Basic Materials
PLD,133.76,3.43M,1.56,-0.39,★★★☆,31.6%,24.9,89.3,Prologis Inc,Apr 16 <,
PLNT,73.26,1.28M,1.27,0.36,★★☆☆,49.2%,48.3,92.7,Planet Fitness Inc Class A,May 14,Services
PLTK,2.73,1.04M,0.91,0.76,★★☆☆,154.5%,36.7,13.1,Playtika Holding Corp Ordinary Shares,May 14,Technology
PLTR,148.46,30.5M,1.57,0.94,★★★★,56.6%,15.9,28.6,Palantir Technologies Inc Ordinary Shares - Class A,May 4,Technology
PM,158.06,4.57M,0.41,-0.42,★★☆☆,38.6%,61.5,98.4,Philip Morris International Inc,Apr 22,Consumer/Non-Cyclical
PNC,211.67,2.40M,1.35,0.88,★★☆☆,35.2%,32.9,91.0,PNC Financial Services Group Inc,Apr 15 <,Financial
PNFP,87.45,1.05M,0.99,0.97,★★☆☆,39.8%,24.4,53.9,Pinnacle Financial Partners Inc,Apr 22 >,Financial
PNR,85.83,1.05M,1.55,0.96,★★☆☆,43.3%,65.7,95.0,Pentair PLC,Apr 28,Basic Materials
PNW,102.71,771K,0.28,0.71,★★☆☆,23.6%,29.2,42.1,Pinnacle West Capital Corp,May 7,Utilities
PODD,204.37,887K,1.34,-0.60,★☆☆☆,53.4%,58.5,89.8,Insulet Corp,May 6 <,Healthcare
POOL,202.95,606K,1.24,0.93,★★☆☆,44.0%,61.1,97.7,Pool Corp,Apr 23,Consumer Cyclical
POST,100.33,617K,0.43,0.89,★★☆☆,32.2%,59.1,60.5,Post Holdings Inc,May 14,Consumer/Non-Cyclical
PPC,37.32,1.33M,-0.01,0.96,★★☆☆,30.1%,12.6,41.4,Pilgrims Pride Corp,Apr 29,Consumer/Non-Cyclical
PPG,103.26,1.78M,1.02,0.84,★★☆☆,40.3%,55.2,95.9,PPG Industries Inc,Apr 28 >,Basic Materials
PPL,38.64,3.96M,0.42,-0.34,★★★☆,24.9%,21.4,88.0,PPL Corp,Apr 29,Utilities
PR,21.19,12.3M,0.61,0.59,★★★☆,45.1%,25.4,56.3,Permian Resources Corp Class A,May 6,Energy
PRGO,10.84,3.15M,0.55,0.90,★★★☆,89.7%,71.4,42.5,Perrigo Co PLC,May 6,Healthcare
PRI,253.87,210K,1.14,0.94,★☆☆☆,28.2%,29.1,51.3,Primerica Inc,May 6,Financial
PRU,97.59,1.68M,0.95,0.75,★★★☆,33.0%,37.7,88.7,Prudential Financial Inc,Apr 29,Financial
PSA,280.46,855K,1.03,0.42,★★☆☆,30.2%,52.8,95.5,Public Storage,Apr 29,Transportation
PSN,56.33,1.02M,0.70,1.00,★★☆☆,56.7%,65.6,98.1,Parsons Corp,Apr 29,Technology
PSTG,62.48,1.87M,1.82,0.74,★★★☆,62.3%,34.5,60.1,Everpure Inc Class A,May 27,Technology
PSX,176.22,2.95M,1.18,-0.01,★★☆☆,41.5%,31.9,92.2,Phillips 66,Apr 29 <,Energy
PTC,142.65,632K,1.17,0.52,★★☆☆,41.3%,46.7,97.3,PTC Inc,Apr 29,Technology
PVH,77.06,1.45M,2.18,0.84,★★★☆,43.3%,10.8,24.4,PVH Corp,,Consumer Cyclical
PYPL,45.35,12.8M,1.47,0.85,★★★★,45.4%,43.6,67.9,PayPal Holdings Inc,May 5,Technology
QCOM,126.82,8.58M,1.27,-0.58,★★★☆,44.8%,34.1,84.3,Qualcomm Inc,Apr 29,Technology
QDEL,17.24,1.18M,0.98,0.11,★★☆☆,90.1%,88.2,92.1,QuidelOrtho Corp,May 6,Healthcare
QGEN,41.03,1.28M,0.81,0.61,★★★★,55.0%,84.5,51.4,Qiagen NV,May 6,
QRVO,78.68,2.55M,1.33,0.89,★☆☆☆,41.3%,23.5,55.5,Qorvo Inc,May 5,Technology
QS,6.37,9.60M,2.49,0.53,★★★★,80.3%,34.2,20.4,QuantumScape Corp Ordinary Shares - Class A,Apr 22,Technology
R,205.81,325K,0.96,0.08,★☆☆☆,45.9%,42.6,96.8,Ryder System Inc,Apr 23 <,Services
RARE,22.45,1.77M,1.04,0.85,★★★☆,64.5%,24.5,38.2,Ultragenyx Pharmaceutical Inc,May 5,Healthcare
RBA,98.34,833K,0.70,0.92,★★☆☆,42.3%,56.7,87.7,RB Global Inc,May 6,
RBC,548.88,133K,1.58,0.75,★☆☆☆,33.3%,33.1,93.6,RBC Bearings Inc,May 15,Basic Materials
RBLX,60.10,10.8M,1.43,0.61,★★★☆,78.3%,74.2,86.6,Roblox Corp Ordinary Shares - Class A,May 7,Technology
RCL,273.63,2.24M,2.25,0.63,★★☆☆,62.0%,56.9,98.5,Royal Caribbean Group,May 5,Transportation
REG,77.00,1.99M,0.51,0.88,★☆☆☆,77.5%,25.1,74.3,Regency Centers Corp,Apr 29 >,Services
REGN,761.84,1.00M,0.44,0.87,★☆☆☆,49.8%,68.7,98.0,Regeneron Pharmaceuticals Inc,Apr 29 <,Healthcare
REXR,33.13,1.44M,1.37,-0.13,★★★☆,44.8%,50.4,39.6,Rexford Industrial Realty Inc,Apr 23 >,Services
REYN,21.17,939K,0.61,0.81,★★☆☆,155.5%,37.9,81.0,Reynolds Consumer Products Inc Ordinary Shares,Apr 29,Basic Materials
RF,26.46,7.61M,1.03,0.27,★★★☆,39.6%,33.5,92.6,Regions Financial Corp,Apr 17 <,Financial
RGA,205.00,234K,0.57,0.97,★★☆☆,35.5%,31.8,93.2,Reinsurance Group of America Inc,May 7,Financial
RGEN,117.78,797K,0.61,0.76,★☆☆☆,56.3%,32.9,93.5,Repligen Corp,May 5,Healthcare
RGLD,262.91,939K,0.48,-0.15,★★☆☆,54.2%,89.5,94.5,Royal Gold Inc,May 6,
RH,113.49,2.62M,2.17,0.93,★★☆☆,74.0%,23.1,46.5,RH Class A,,Consumer Cyclical
RHI,25.31,1.85M,1.08,0.94,★★★☆,70.5%,94.8,98.3,Robert Half Inc,Apr 22,Services
RITM,9.64,8.46M,0.80,0.42,★★★★,151.3%,68.2,60.3,Rithm Capital Corp,Apr 24,Financial
RIVN,15.40,20.8M,1.80,0.21,★★★★,66.6%,36.2,31.6,Rivian Automotive Inc Class A,May 5,Consumer Cyclical
RJF,142.25,745K,1.33,0.84,★★☆☆,36.2%,38.8,91.4,Raymond James Financial Inc,Apr 22,Financial
RKT,14.96,30.6M,2.59,0.77,★★★★,68.8%,48.0,62.5,Rocket Companies Inc Ordinary Shares Class A,May 14,
RL,348.03,673K,1.45,0.38,★★☆☆,39.6%,15.6,60.2,Ralph Lauren Corp Class A,May 28,Services
RLI,58.16,658K,0.31,0.69,★☆☆☆,49.5%,70.9,21.1,RLI Corp,Apr 22,Financial
RMD,224.10,643K,0.91,0.86,★★☆☆,41.1%,51.7,91.1,ResMed Inc,Apr 30 >,Healthcare
RNG,37.78,1.15M,1.10,0.94,★★☆☆,65.8%,64.0,83.4,RingCentral Inc Class A,May 14,Technology
RNR,300.34,177K,-0.02,0.70,★☆☆☆,30.4%,22.9,72.9,RenaissanceRe Holdings Ltd,Apr 28 >,Financial
ROIV,28.33,5.01M,0.94,0.88,★★☆☆,50.7%,34.4,46.8,Roivant Sciences Ltd Ordinary Shares,,Healthcare
ROK,364.79,543K,1.69,0.48,★★☆☆,44.9%,46.4,95.8,Rockwell Automation Inc,May 6,Technology
ROKU,97.65,2.76M,2.91,0.23,★★☆☆,68.1%,42.4,82.0,Roku Inc Class A,May 7,Consumer Cyclical
ROL,53.91,2.62M,0.74,0.75,★★☆☆,32.0%,55.3,73.6,Rollins Inc,Apr 22,Services
ROP,357.93,1.09M,0.77,0.93,★★☆☆,39.1%,75.2,94.6,Roper Technologies Inc,Apr 23 <,Technology
ROST,219.99,2.19M,0.99,0.92,★★☆☆,29.0%,43.2,56.6,Ross Stores Inc,May 28,Services
RPM,97.97,920K,1.31,0.91,★☆☆☆,41.6%,68.2,87.9,RPM International Inc,Apr 8 <,Capital Goods
RPRX,48.55,2.73M,0.42,-0.62,★★☆☆,56.6%,22.0,45.4,Royalty Pharma PLC Class A,May 14,Financial
RRC,43.46,2.79M,0.12,0.76,★★☆☆,45.5%,38.4,94.1,Range Resources Corp,Apr 28,Energy
RRX,183.91,1.08M,1.80,0.81,★★☆☆,58.3%,49.8,97.5,Regal Rexnord Corp,May 4,Technology
RS,305.60,175K,0.87,0.74,★☆☆☆,34.0%,29.7,89.1,Reliance Inc,Apr 22,Basic Materials
RSG,223.07,891K,0.43,0.23,★★☆☆,23.2%,27.8,57.5,Republic Services Inc,May 7 >,Transportation
RTX,196.22,4.11M,0.54,0.94,★★★☆,38.4%,54.6,97.6,RTX Corp,Apr 21 <,Capital Goods
RVTY,88.95,950K,1.30,0.80,★★☆☆,49.5%,55.2,92.7,Revvity Inc,Apr 27,Technology
RYAN,33.51,2.01M,1.12,0.63,★★☆☆,57.4%,91.0,56.3,Ryan Specialty Holdings Inc Class A,May 7,Financial
RYN,21.10,1.74M,1.26,0.30,★★★☆,39.3%,37.3,55.4,Rayonier Inc,Apr 29,Basic Materials
S,13.35,5.49M,1.10,0.22,★★★☆,54.0%,49.9,52.1,SentinelOne Inc Class A,May 27,
SAIA,354.28,296K,2.06,0.64,★☆☆☆,62.9%,27.7,75.9,Saia Inc,Apr 30 <,Transportation
SAIC,100.15,427K,0.19,0.96,★☆☆☆,38.8%,32.6,48.2,Science Applications International Corp,,Technology
SAM,240.68,165K,0.11,0.77,★☆☆☆,45.8%,39.3,75.1,Boston Beer Co Inc Class A,Apr 23,Consumer/Non-Cyclical
SARO,26.28,2.31M,1.14,0.93,★★☆☆,85.9%,20.5,73.6,StandardAero Inc,May 11,Capital Goods
SBAC,204.14,6.57M,0.84,0.39,★★☆☆,43.9%,97.0,100.0,SBA Communications Corp Class A,Apr 27,Services
SBUX,90.39,7.34M,0.94,0.72,★★★☆,42.2%,36.7,84.6,Starbucks Corp,May 5,Services
SCCO,177.84,1.61M,1.24,0.59,★★☆☆,59.9%,66.8,91.1,Southern Copper Corp,Apr 24,Basic Materials
SCHW,93.76,7.97M,0.87,0.40,★★★☆,38.1%,44.8,94.3,Charles Schwab Corp,Apr 16,Financial
SCI,84.77,1.27M,0.97,0.54,★★☆☆,31.8%,54.3,86.3,Service Corp International,Apr 29,Services
SEB,"5,906.63",11.2K,0.63,--,☆☆☆☆,--%,--,--,Seaboard Corp,Apr 27,Consumer/Non-Cyclical
SEE,42.09,5.73M,1.79,0.95,★★★☆,236.2%,10.0,100.0,Sealed Air Corp,May 5,Basic Materials
SEG,22.01,24.8K,1.02,0.23,★★☆☆,46.1%,17.3,16.1,Seaport Entertainment Group Inc,May 11,Services
SEIC,77.03,540K,0.94,0.94,★★☆☆,31.2%,59.1,35.2,SEI Investments Co,Apr 22,Financial
SF,74.09,1.10M,1.12,0.90,★☆☆☆,40.9%,29.7,80.1,Stifel Financial Corp,Apr 22,Financial
SHC,14.96,3.98M,1.43,0.69,★★☆☆,59.6%,32.6,3.2,Sotera Health Co Ordinary Shares,May 7,Services
SHW,318.01,1.77M,1.51,0.73,★★☆☆,35.0%,51.4,98.5,Sherwin-Williams Co,Apr 28 <,Basic Materials
SIRI,23.80,7.54M,0.92,0.35,★★★☆,36.7%,16.7,35.7,Sirius XM Holdings Inc,Apr 30 <,Services
SITE,126.69,724K,1.32,0.92,★★☆☆,44.3%,39.9,85.2,SiteOne Landscape Supply Inc,Apr 29,Capital Goods
SJM,95.46,1.77M,0.34,0.60,★★★☆,31.8%,44.5,80.0,JM Smucker Co,,Consumer/Non-Cyclical
SLB,49.43,14.9M,0.72,0.70,★★★☆,45.4%,52.6,95.7,SLB Ltd,Apr 24,Energy
SLGN,39.48,634K,0.76,0.94,★☆☆☆,136.2%,38.7,69.6,Silgan Holdings Inc,Apr 29,Basic Materials
SLM,21.64,5.38M,1.36,0.94,★★☆☆,47.4%,40.3,51.9,SLM Corp,Apr 23,Financial
SMCI,23.20,30.5M,2.43,-0.67,★★★★,99.8%,46.7,95.2,Super Micro Computer Inc,May 5,Technology
SMG,63.88,1.14M,1.90,0.69,★★☆☆,51.2%,38.1,91.8,The Scotts Miracle Gro Co Class A,Apr 29 <,Basic Materials
SN,104.40,1.48M,1.44,0.79,★★☆☆,56.1%,35.1,75.6,SharkNinja Inc,May 14,Consumer Cyclical
SNA,365.39,306K,0.76,0.84,★★☆☆,30.4%,39.9,95.7,Snap-on Inc,Apr 16,Consumer Cyclical
SNDR,27.02,747K,1.12,0.95,★☆☆☆,104.3%,44.7,71.9,Schneider National Inc,Apr 30 >,Transportation
SNOW,151.79,4.86M,1.12,-0.21,★★★☆,58.2%,50.1,68.8,Snowflake Inc Ordinary Shares,May 20,Technology
SNPS,395.82,1.08M,1.10,-0.17,★☆☆☆,51.5%,57.4,71.8,Synopsys Inc,May 27,Technology
SNX,186.83,1.20M,1.33,0.81,★☆☆☆,35.6%,46.3,68.1,TD Synnex Corp,,Technology
SO,97.42,4.57M,0.43,0.27,★★☆☆,22.7%,32.0,78.2,Southern Co,Apr 30 <,Utilities
SOFI,15.85,53.5M,2.28,0.95,★★★★,71.2%,24.4,55.0,SoFi Technologies Inc Ordinary Shares,Apr 29 <,Financial
SOLV,63.56,1.05M,0.68,0.59,★★☆☆,36.1%,33.2,74.0,Solventum Corp,May 14,Healthcare
SON,54.85,671K,0.52,0.98,★★☆☆,35.7%,18.8,35.9,Sonoco Products Co,Apr 21 >,Basic Materials
SPB,73.74,268K,0.72,0.93,★★☆☆,50.2%,60.1,54.7,Spectrum Brands Holdings Inc,May 14,Consumer Cyclical
SPG,188.72,1.30M,1.40,0.91,★★☆☆,28.8%,26.3,95.3,Simon Property Group Inc,May 11,Services
SPGI,431.21,1.41M,1.19,0.84,★★☆☆,38.8%,69.2,97.3,S&P Global Inc,Apr 28 <,Services
SPOT,488.85,1.55M,1.73,0.63,★★☆☆,59.2%,47.2,92.2,Spotify Technology SA,Apr 28 <,Services
SRE,99.19,3.56M,0.70,0.48,★★★☆,29.5%,22.5,74.5,Sempra,May 14,Utilities
SRPT,23.23,3.16M,1.29,0.59,★★☆☆,82.5%,9.0,37.7,Sarepta Therapeutics Inc,May 5,Healthcare
SSD,166.31,308K,1.37,0.83,★☆☆☆,39.8%,39.1,94.2,Simpson Manufacturing Co Inc,Apr 27,Basic Materials
SSNC,68.31,2.04M,1.18,0.85,★★☆☆,36.6%,56.0,63.7,SS&C Technologies Holdings Inc,Apr 23,Basic Materials
ST,34.63,1.37M,1.14,0.92,★★☆☆,54.9%,38.0,63.7,Sensata Technologies Holding PLC,May 14,Technology
STAG,36.55,1.35M,1.16,-0.03,★★☆☆,55.6%,34.5,52.9,Stag Industrial Inc,Apr 28 >,Services
STE,218.68,764K,1.09,-0.99,★☆☆☆,29.3%,40.0,67.5,Steris PLC,May 13,Healthcare
STLD,180.19,938K,1.38,0.80,★★☆☆,48.1%,43.4,89.7,Steel Dynamics Inc,Apr 20 >,Basic Materials
STT,128.79,1.58M,1.40,0.85,★★☆☆,40.5%,42.5,92.6,State Street Corp,Apr 17 <,Financial
STWD,17.23,2.65M,1.11,-0.47,★★★☆,27.4%,39.4,42.2,Starwood Property Trust Inc,May 8,Financial
STZ,151.14,2.23M,0.41,0.63,★★☆☆,38.1%,41.8,79.6,Constellation Brands Inc lass A,Apr 8,Consumer/Non-Cyclical
SUI,129.27,391K,0.87,0.01,★★☆☆,24.2%,27.3,47.6,Sun Communities Inc,May 4,Services
SW,39.29,6.74M,1.12,0.78,★★★☆,55.2%,46.7,86.8,Smurfit WestRock PLC,May 7,Basic Materials
SWK,68.66,2.14M,1.26,0.92,★★☆☆,49.6%,34.9,94.5,Stanley Black & Decker Inc,Apr 29,Consumer Cyclical
SWKS,55.18,5.40M,1.30,0.05,★★☆☆,57.3%,39.9,95.1,Skyworks Solutions Inc,May 6,Technology
SYF,68.42,2.75M,1.58,0.92,★★★☆,43.1%,23.5,88.8,Synchrony Financial,Apr 21 <,Financial
SYK,331.62,1.49M,0.87,-0.37,★★☆☆,33.2%,47.6,98.9,Stryker Corp,Apr 30 >,Healthcare
SYY,71.13,6.76M,0.63,0.82,★★★☆,31.8%,55.9,99.7,Sysco Corp,May 5,Consumer/Non-Cyclical
T,28.31,35.0M,0.05,0.77,★★★★,28.9%,43.5,69.8,AT&T Inc,Apr 22 <,Services
TAP,44.05,2.98M,0.52,0.95,★★★☆,39.0%,64.8,91.5,Molson Coors Beverage Co Shs -B- Non-Voting,May 14,Consumer/Non-Cyclical
TDC,25.47,2.75M,0.42,0.97,★★☆☆,52.7%,34.5,47.8,Teradata Corp,May 5,Technology
TDG,"1,167.00",320K,0.94,0.68,★☆☆☆,36.0%,51.4,98.9,TransDigm Group Inc,May 5,Capital Goods
TDY,623.26,273K,0.97,0.87,★☆☆☆,35.6%,55.9,99.6,Teledyne Technologies Inc,Apr 22,Technology
TEAM,68.28,3.96M,0.94,0.62,★★☆☆,95.0%,89.9,98.7,Atlassian Corp Class A,May 7,Technology
TECH,53.13,1.80M,1.52,0.95,★★★☆,52.6%,51.3,59.8,Bio-Techne Corp,May 6,Healthcare
TER,309.33,2.75M,1.85,0.51,★★☆☆,86.5%,95.7,99.5,Teradyne Inc,Apr 27,Technology
TFC,47.16,9.20M,0.85,0.94,★★★★,36.5%,37.1,79.5,Truist Financial Corp,Apr 17 <,Financial
TFSL,14.29,605K,0.73,0.82,★☆☆☆,554.3%,28.0,59.1,TFS Financial Corp,Apr 29,Financial
TFX,117.83,493K,0.94,0.78,★☆☆☆,40.6%,57.2,43.6,Teleflex Inc,May 7,Healthcare
TGT,120.48,5.35M,1.09,0.84,★★★☆,35.1%,8.6,24.4,Target Corp,May 20,Services
THC,188.06,619K,1.46,0.89,★★☆☆,49.4%,47.7,93.2,Tenet Healthcare Corp,Apr 30 <,Healthcare
THG,176.14,379K,0.31,0.82,★☆☆☆,44.8%,32.9,81.8,The Hanover Insurance Group Inc,Apr 29,Financial
THO,77.34,871K,1.46,0.83,★★☆☆,49.8%,49.7,86.8,Thor Industries Inc,,Capital Goods
TJX,161.35,3.86M,0.73,0.83,★★☆☆,26.5%,34.3,79.8,TJX Companies Inc,May 20,Services
TKO,203.70,780K,0.90,0.64,★★☆☆,40.7%,32.2,88.8,TKO Group Holdings Inc,May 14,Services
TKR,98.90,508K,1.17,0.93,★★☆☆,40.7%,32.2,72.8,The Timken Co,Apr 29,Capital Goods
TMO,491.24,1.70M,0.99,0.82,★★☆☆,39.2%,44.6,92.1,Thermo Fisher Scientific Inc,Apr 23 <,Healthcare
TMUS,201.41,4.38M,0.22,0.28,★★☆☆,38.6%,58.2,97.2,T-Mobile US Inc,Apr 28 >,Services
TNL,71.26,719K,1.58,0.53,★★☆☆,40.1%,30.9,87.7,Travel+Leisure Co,Apr 22,Services
TOL,135.83,741K,1.43,0.81,★★☆☆,41.9%,32.0,74.7,Toll Brothers Inc,May 19,Capital Goods
TOST,26.48,9.60M,2.07,0.94,★★★☆,58.1%,36.6,70.8,Toast Inc Class A,May 14,Technology
TPG,38.48,2.66M,1.63,0.76,★★☆☆,60.4%,54.6,95.6,TPG Inc Ordinary Shares - Class A,May 6,Financial
TPL,444.24,390K,0.69,0.75,★☆☆☆,54.6%,33.8,79.6,Texas Pacific Land Corp,May 6,Financial
TPR,141.20,1.18M,1.60,0.21,★☆☆☆,46.3%,35.5,63.1,Tapestry Inc,May 14,Consumer Cyclical
TREX,35.57,1.63M,1.59,0.96,★★☆☆,59.0%,57.8,84.8,Trex Co Inc,May 14,Basic Materials
TRGP,244.41,1.22M,0.83,0.05,★★☆☆,36.6%,20.1,79.0,Targa Resources Corp,May 7,Utilities
TRIP,10.87,8.10M,1.22,-0.57,★★☆☆,78.3%,56.5,60.8,Tripadvisor Inc,May 6,Services
TRMB,65.12,1.27M,1.53,0.97,★★☆☆,48.2%,47.8,95.8,Trimble Inc,May 6,Technology
TROW,90.14,2.11M,1.59,0.98,★★★☆,32.5%,19.0,89.3,T. Rowe Price Group Inc,May 1,Financial
TRU,69.32,2.09M,2.10,0.92,★★☆☆,58.8%,50.5,97.8,TransUnion,Apr 28 <,Technology
TRV,294.10,924K,0.50,0.86,★★☆☆,31.0%,32.4,94.3,The Travelers Companies Inc,Apr 16 <,Financial
TSCO,43.81,7.55M,0.73,0.88,★★☆☆,41.9%,49.6,94.4,Tractor Supply Co,Apr 21 <,Services
TSLA,360.55,83.2M,1.82,0.23,★★★★,51.4%,8.5,25.5,Tesla Inc,Apr 28,Consumer Cyclical
TSN,64.62,1.66M,0.50,0.87,★★★☆,33.3%,55.5,94.2,Tyson Foods Inc Class A,May 4,Consumer/Non-Cyclical
TT,427.17,1.14M,1.20,0.85,★★☆☆,35.5%,40.8,93.6,Trane Technologies PLC Class A,Apr 29,Capital Goods
TTC,92.72,512K,0.79,0.99,★☆☆☆,31.2%,28.4,37.3,The Toro Co,,Capital Goods
TTD,22.04,12.6M,1.21,-0.48,★★★★,69.4%,40.1,56.4,The Trade Desk Inc Class A,May 14,Technology
TTEK,31.08,1.72M,0.97,0.99,★★☆☆,62.0%,55.0,73.9,Tetra Tech Inc,May 6,Capital Goods
TTWO,199.86,1.47M,0.95,-0.34,★★☆☆,40.4%,56.3,75.6,Take-Two Interactive Software Inc,May 21,Technology
TW,123.18,1.61M,0.78,0.98,★★☆☆,30.6%,26.9,35.7,Tradeweb Markets Inc,Apr 29,Financial
TWLO,130.93,1.08M,1.64,-0.49,★★☆☆,57.1%,38.6,62.6,Twilio Inc Class A,May 7,Technology
TXG,22.34,1.28M,2.74,0.79,★★☆☆,88.2%,21.5,49.0,10x Genomics Inc Ordinary Shares - Class A,May 14,Healthcare
TXN,194.90,3.41M,1.00,0.09,★★☆☆,44.5%,39.6,88.6,Texas Instruments Inc,Apr 22,Technology
TXRH,162.99,980K,0.84,0.26,★★☆☆,31.8%,28.9,62.9,Texas Roadhouse Inc,May 14,Services
TXT,88.05,783K,0.96,0.86,★★☆☆,37.6%,49.3,98.8,Textron Inc,Apr 30 <,
TYL,337.98,527K,0.89,0.77,★☆☆☆,51.4%,94.4,95.5,Tyler Technologies Inc,Apr 22,Technology
U,22.76,17.4M,2.25,0.67,★★★☆,80.3%,38.7,62.8,Unity Software Inc Ordinary Shares,May 6,Basic Materials
UA,5.50,2.30M,1.76,0.72,★★★★,195.8%,22.9,91.4,Under Armour Inc Class C,May 12,
UAA,5.63,8.67M,1.77,0.61,★★★★,67.9%,40.5,38.5,Under Armour Inc Class A,May 12,Consumer Cyclical
UAL,92.22,8.63M,1.31,0.96,★★★☆,72.2%,42.8,98.6,United Airlines Holdings Inc,Apr 21,Transportation
UBER,71.82,12.8M,1.80,0.26,★★★★,40.2%,28.9,50.9,Uber Technologies Inc,May 6,Services
UDR,34.64,2.55M,0.72,0.54,★★☆☆,35.8%,33.6,23.6,UDR Inc,Apr 29,Services
UGI,36.75,2.45M,1.08,0.54,★★★☆,54.3%,33.0,83.5,UGI Corp,May 6,Utilities
UHAL,47.34,288K,1.14,0.75,★☆☆☆,147.6%,54.7,84.2,U-Haul Holding Co,May 27,Services
UHS,176.64,547K,1.27,0.41,★☆☆☆,42.9%,44.0,93.7,Universal Health Services Inc Class B,Apr 27,Healthcare
UI,842.04,71.8K,1.23,0.28,★★☆☆,47.9%,--,63.8,Ubiquiti Inc,May 8,Technology
ULTA,537.52,616K,0.96,0.79,★☆☆☆,38.8%,35.9,64.3,Ulta Beauty Inc,,Services
UNH,277.21,6.42M,0.37,0.52,★★★☆,50.5%,39.9,95.4,UnitedHealth Group Inc,Apr 21 <,Financial
UNM,74.17,1.11M,0.17,0.82,★★☆☆,36.8%,44.3,94.2,Unum Group,May 5,Financial
UNP,244.66,2.33M,0.99,-0.14,★★☆☆,32.3%,47.4,97.4,Union Pacific Corp,Apr 23,Transportation
UPS,98.19,4.06M,1.13,0.71,★★★☆,42.7%,49.0,92.0,United Parcel Service Inc Class B,Apr 28 <,Transportation
URI,732.13,493K,1.93,0.91,★☆☆☆,48.1%,46.0,95.3,United Rentals Inc,Apr 22,Services
USB,52.94,7.05M,1.54,0.33,★★★☆,36.6%,34.2,90.7,U.S. Bancorp,Apr 16 <,Financial
USFD,89.95,1.88M,1.22,0.80,★★☆☆,35.8%,41.8,98.6,US Foods Holding Corp,May 14,Consumer/Non-Cyclical
UTHR,564.78,831K,0.83,0.64,★★☆☆,37.4%,17.5,26.1,United Therapeutics Corp,Apr 29,Healthcare
UWMC,3.72,9.9M,2.15,0.01,★★★★,295.9%,46.4,60.9,UWM Holdings Corp Ordinary Shares - Class A,May 5,Financial
V,300.88,4.38M,0.78,0.71,★★★☆,31.6%,38.4,90.0,Visa Inc Class A,May 5,Financial
VAC,67.38,359K,1.41,0.66,★★☆☆,64.1%,50.2,98.1,Marriott Vacations Worldwide Corp,May 6,Services
VEEV,174.00,1.25M,1.20,-0.24,★★☆☆,45.2%,61.4,75.4,Veeva Systems Inc Class A,May 27,Technology
VFC,16.87,4.99M,1.98,0.96,★★★☆,55.0%,10.3,26.8,VF Corp,May 20,Consumer Cyclical
VICI,27.67,5.62M,0.51,0.39,★★★☆,53.7%,26.0,97.9,VICI Properties Inc Ordinary Shares,Apr 29,Services
VIRT,46.22,1.31M,0.56,0.86,★★☆☆,30.8%,20.0,20.3,Virtu Financial Inc Class A,Apr 22,Financial
VKTX,34.79,3.60M,0.62,0.84,★★☆☆,73.7%,19.2,34.3,Viking Therapeutics Inc,Apr 22,Healthcare
VLO,244.00,2.67M,0.86,-0.17,★★☆☆,48.0%,43.6,97.0,Valero Energy Corp,Apr 30 <,Energy
VLTO,88.06,1.78M,0.74,0.80,★☆☆☆,29.0%,39.7,70.1,Veralto Corp,May 5,Technology
VMC,280.03,1.42M,0.97,0.64,★★☆☆,34.5%,36.5,93.6,Vulcan Materials Co,Apr 29,Capital Goods
VMI,402.91,156K,1.76,0.98,★☆☆☆,40.9%,43.9,95.3,Valmont Industries Inc,Apr 21 <,Capital Goods
VNO,25.33,1.70M,1.94,-0.20,★★☆☆,51.5%,47.1,81.8,Vornado Realty Trust,May 4,Services
VNOM,46.47,2.30M,0.45,0.53,★★★☆,37.9%,30.3,63.9,Viper Energy Inc Ordinary Shares - Class A,May 4,Energy
VNT,35.37,793K,1.28,0.95,★★☆☆,58.1%,71.4,20.1,Vontier Corp Ordinary Shares,May 7,Technology
VOYA,67.20,909K,1.25,0.90,★★☆☆,44.1%,41.5,94.4,Voya Financial Inc,May 5,Financial
VRSK,185.08,1.40M,0.78,0.88,★★☆☆,41.7%,67.3,90.3,Verisk Analytics Inc,May 6,Financial
VRSN,259.95,1.09M,0.72,-0.15,★★☆☆,35.3%,42.7,97.2,VeriSign Inc,Apr 23,Technology
VRT,261.31,3.97M,1.42,0.28,★★☆☆,73.5%,36.5,84.2,Vertiv Holdings Co Class A,Apr 22,Technology
VRTX,438.83,1.25M,0.35,0.33,★☆☆☆,31.5%,32.3,44.3,Vertex Pharmaceuticals Inc,May 4,Healthcare
VST,151.13,2.95M,1.46,-0.27,★★★☆,58.0%,20.9,54.6,Vistra Corp,May 7 <,Utilities
VSTS,7.83,627K,1.12,0.63,★★☆☆,307.5%,8.2,90.8,Vestis Corp,May 5,Services
VTR,83.29,3.41M,0.29,0.28,★★☆☆,29.4%,39.5,80.6,Ventas Inc,Apr 29,Services
VTRS,13.43,5.92M,0.86,0.79,★★★★,45.4%,29.3,39.4,Viatris Inc,May 14,Healthcare
VVV,33.33,1.21M,1.19,0.11,★★☆☆,52.6%,39.7,36.6,Valvoline Inc,May 14,Services
VZ,49.37,22.7M,0.29,0.09,★★★★,30.0%,53.9,99.1,Verizon Communications Inc,Apr 27 <,Services
W,72.62,4.34M,3.12,0.89,★★☆☆,93.4%,111.9,95.5,Wayfair Inc Class A,Apr 30 <,Services
WAB,253.92,979K,0.93,0.96,★★☆☆,32.9%,30.8,91.4,Westinghouse Air Brake Technologies Corp,Apr 22,Transportation
WAL,72.08,724K,1.90,0.93,★★☆☆,57.3%,41.5,97.5,Western Alliance Bancorp,Apr 20,Financial
WAT,304.35,727K,1.51,0.94,★☆☆☆,39.8%,33.9,83.7,Waters Corp,May 5,Technology
WBD,27.32,16.9M,1.67,0.71,★★★★,51.7%,2.3,58.3,Warner Bros. Discovery Inc Ordinary Shares - Class A,May 14,
WBS,69.80,2.03M,1.54,0.88,★★☆☆,83.9%,11.0,93.0,Webster Financial Corp,Apr 23,Financial
WCC,277.57,454K,2.02,0.80,★☆☆☆,56.6%,43.2,94.2,WESCO International Inc,May 7,Technology
WDAY,132.25,2.99M,1.37,0.74,★★☆☆,53.6%,65.0,89.4,Workday Inc Class A,May 28,Technology
WDC,295.10,7.88M,1.81,-0.38,★★☆☆,87.1%,84.8,85.5,Western Digital Corp,Apr 29,Technology
WEC,117.56,1.56M,-0.04,0.38,★★☆☆,23.5%,58.7,68.5,WEC Energy Group Inc,May 5,Utilities
WELL,202.27,2.23M,0.40,0.43,★★☆☆,31.4%,41.7,98.4,Welltower Inc,Apr 27,Services
WEN,6.87,6.07M,-0.20,0.84,★★★★,62.6%,37.6,59.9,The Wendy's Co Class A,May 1,Services
WEX,154.70,459K,1.28,1.00,★★☆☆,49.2%,54.6,96.1,WEX Inc,Apr 29,Financial
WFC,80.61,10.0M,1.12,0.64,★★★★,40.2%,47.4,91.9,Wells Fargo & Co,Apr 14 <,Financial
WFRD,95.36,1.07M,1.02,0.80,★★☆☆,54.7%,15.6,70.7,Weatherford International PLC Ordinary Shares - New,Apr 21 >,Energy
WH,82.20,894K,0.72,0.67,★★☆☆,40.3%,37.9,79.7,Wyndham Hotels & Resorts Inc Ordinary Shares,Apr 29,Financial
WHR,55.47,1.92M,1.77,0.55,★★★☆,62.5%,59.4,99.5,Whirlpool Corp,Apr 22,Consumer Cyclical
WING,152.40,2.40M,1.53,0.69,★★☆☆,86.5%,79.6,97.5,Wingstop Inc,Apr 29,Services
WLK,119.42,934K,0.83,0.83,★★☆☆,62.3%,64.8,76.0,Westlake Corp,May 1,Basic Materials
WM,235.41,1.34M,0.54,0.48,★★★☆,26.7%,45.8,95.7,Waste Management Inc,Apr 28 >,Transportation
WMB,72.00,5.36M,0.57,-0.03,★★★☆,30.0%,27.0,69.3,Williams Companies Inc,May 4,Utilities
WMS,137.71,1.03M,1.28,0.64,★★☆☆,46.5%,43.7,66.2,Advanced Drainage Systems Inc,May 21,
WMT,125.79,11.9M,0.53,0.45,★★★★,28.0%,27.1,54.1,Walmart Inc,May 21,Services
WOLF,17.46,904K,3.09,-0.89,★★☆☆,100.4%,2.6,24.9,Wolfspeed Inc Ordinary Shares (New),May 6,Technology
WPC,70.27,1.39M,0.62,0.45,★★★☆,25.3%,16.2,52.9,W.P. Carey Inc,May 5,Services
WRB,65.98,1.24M,0.34,0.63,★★☆☆,24.7%,21.7,57.3,WR Berkley Corp,Apr 21 >,Financial
WSC,17.41,1.63M,1.67,0.93,★★☆☆,247.8%,50.6,98.3,WillScot Holdings Corp Ordinary Shares - Class A,May 7,Financial
WSM,180.14,999K,1.95,0.95,★★☆☆,47.3%,38.2,51.6,Williams-Sonoma Inc,May 28,Services
WSO,370.49,402K,0.87,0.11,★☆☆☆,46.7%,65.9,97.9,Watsco Inc Ordinary Shares,Apr 22,Capital Goods
WST,254.84,795K,1.19,0.35,★★☆☆,54.2%,64.6,92.0,West Pharmaceutical Services Inc,Apr 23,Healthcare
WTFC,139.66,324K,0.85,0.93,★☆☆☆,33.9%,32.4,53.7,Wintrust Financial Corp,Apr 20,Financial
WTM,"2,167.26",18.0K,0.46,0.00,☆☆☆☆,--%,--,0.0,White Mountains Insurance Group Ltd,May 6,Financial
WTRG,41.08,1.29M,0.78,0.44,★★☆☆,108.7%,44.7,95.5,Essential Utilities Inc,May 11,Utilities
WTW,288.65,428K,0.44,0.52,★☆☆☆,34.2%,52.3,89.0,Willis Towers Watson PLC,Apr 23,Financial
WU,8.71,7.11M,0.54,0.78,★★★★,39.8%,35.9,36.7,The Western Union Co,Apr 22,Financial
WWD,371.85,553K,0.83,0.85,★★☆☆,49.2%,53.3,97.9,Woodward Inc,Apr 27,Capital Goods
WY,24.43,3.21M,1.05,0.53,★★★☆,33.9%,30.8,81.0,Weyerhaeuser Co,Apr 30 >,Basic Materials
WYNN,102.02,1.38M,1.02,0.02,★★☆☆,39.9%,32.3,46.3,Wynn Resorts Ltd,May 5,Services
XEL,80.73,2.70M,0.16,0.69,★★★☆,27.9%,33.5,58.2,Xcel Energy Inc,Apr 30 <,Utilities
XOM,160.67,25.4M,0.32,0.28,★★★★,37.2%,52.8,98.6,Exxon Mobil Corp,May 1,Energy
XP,18.61,4.96M,1.31,-0.19,★★★☆,232.8%,36.8,98.4,XP Inc Class A,May 19,Financial
XPO,200.60,1.18M,1.58,0.93,★★☆☆,58.1%,38.6,93.6,XPO Inc,Apr 29,Transportation
XRAY,11.63,2.46M,1.07,0.36,★★★★,64.3%,45.9,35.2,Dentsply Sirona Inc,May 14,Healthcare
XYL,121.28,1.44M,1.45,0.98,★★☆☆,35.2%,40.5,95.1,Xylem Inc,Apr 28 <,Capital Goods
YETI,36.37,1.43M,1.80,0.41,★★☆☆,57.7%,40.3,84.5,YETI Holdings Inc,May 14,Consumer Cyclical
YUM,156.06,1.04M,0.29,0.91,★★☆☆,28.6%,35.9,95.5,Yum Brands Inc,Apr 29,Services
Z,40.59,3.61M,2.10,0.93,★★★☆,70.6%,84.4,95.5,Zillow Group Inc Class C,May 6,Capital Goods
ZBH,90.90,2.16M,0.72,0.41,★★☆☆,34.4%,36.4,67.0,Zimmer Biomet Holdings Inc,May 4,Healthcare
ZBRA,202.73,509K,1.66,0.84,★☆☆☆,54.6%,58.3,93.0,Zebra Technologies Corp Ordinary Shares - Class A,May 12 <,Technology
ZG,40.64,1.19M,2.15,0.89,★★☆☆,71.9%,62.2,96.3,Zillow Group Inc Class A,May 6,Capital Goods
ZION,58.14,1.36M,0.79,0.89,★★★☆,47.1%,39.7,93.0,Zions Bancorp NA,Apr 20,Financial
ZM,82.36,2.83M,0.93,0.09,★★★☆,41.3%,47.9,65.9,Zoom Communications Inc,May 20,Technology
ZS,138.63,1.57M,1.10,-0.10,★★☆☆,60.1%,57.6,85.1,Zscaler Inc,,Technology
ZTS,117.90,2.19M,1.06,0.34,★★★☆,38.9%,56.8,89.9,Zoetis Inc Class A,May 7 <,Healthcare